{
	"name": "3024 Day",
	"comment": "Generated by Gogh",
	"foreground-color": "#4a4543",
	"background-color":"#f7f7f7",
	"cursor-background-color": "#4a4543",
	"palette": [
		"#090300",
		"#db2d20",
		"#01a252",
		"#fded02",
		"#01a0e4",
		"#a16a94",
		"#b5e4f4",
		"#a5a2a2",
		"#5c5855",
		"#e8bbd0",
		"#3a3432",
		"#4a4543",
		"#807d7c",
		"#d6d5d4",
		"#cdab53",
		"#f7f7f7"
	],
	"use-badge-color": false,
	"use-bold-color": false,
	"use-cursor-color": false,
	"use-highlight-color": false,
	"use-theme-colors": false
}
