{
	"name": "Aco",
	"comment": "Generated by Gogh",
	"foreground-color": "#b4e1fd",
	"background-color":"#1f1305",
	"cursor-background-color": "#b4e1fd",
	"palette": [
		"#3f3f3f",
		"#ff0883",
		"#83ff08",
		"#ff8308",
		"#0883ff",
		"#8308ff",
		"#08ff83",
		"#bebebe",
		"#474747",
		"#ff1e8e",
		"#8eff1e",
		"#ff8e1e",
		"#1e8eff",
		"#8e1eff",
		"#1eff8e",
		"#c4c4c4"
	],
	"use-badge-color": false,
	"use-bold-color": false,
	"use-cursor-color": false,
	"use-highlight-color": false,
	"use-theme-colors": false
}
