{
	"name": "Adventure Time",
	"comment": "Generated by Gogh",
	"foreground-color": "#f8dcc0",
	"background-color":"#1f1d45",
	"cursor-background-color": "#f8dcc0",
	"palette": [
		"#050404",
		"#bd0013",
		"#4ab118",
		"#e7741e",
		"#0f4ac6",
		"#665993",
		"#70a598",
		"#f8dcc0",
		"#4e7cbf",
		"#fc5f5a",
		"#9eff6e",
		"#efc11a",
		"#1997c6",
		"#9b5953",
		"#c8faf4",
		"#f6f5fb"
	],
	"use-badge-color": false,
	"use-bold-color": false,
	"use-cursor-color": false,
	"use-highlight-color": false,
	"use-theme-colors": false
}
