{
	"name": "Afterglow",
	"comment": "Generated by Gogh",
	"foreground-color": "#d0d0d0",
	"background-color":"#222222",
	"cursor-background-color": "#d0d0d0",
	"palette": [
		"#151515",
		"#a53c23",
		"#7b9246",
		"#d3a04d",
		"#6c99bb",
		"#9f4e85",
		"#7dd6cf",
		"#d0d0d0",
		"#505050",
		"#a53c23",
		"#7b9246",
		"#d3a04d",
		"#547c99",
		"#9f4e85",
		"#7dd6cf",
		"#f5f5f5"
	],
	"use-badge-color": false,
	"use-bold-color": false,
	"use-cursor-color": false,
	"use-highlight-color": false,
	"use-theme-colors": false
}
