{
	"name": "Alien Blood",
	"comment": "Generated by Gogh",
	"foreground-color": "#637d75",
	"background-color":"#0f1610",
	"cursor-background-color": "#637d75",
	"palette": [
		"#112616",
		"#7f2b27",
		"#2f7e25",
		"#717f24",
		"#2f6a7f",
		"#47587f",
		"#327f77",
		"#647d75",
		"#3c4812",
		"#e08009",
		"#18e000",
		"#bde000",
		"#00aae0",
		"#0058e0",
		"#00e0c4",
		"#73fa91"
	],
	"use-badge-color": false,
	"use-bold-color": false,
	"use-cursor-color": false,
	"use-highlight-color": false,
	"use-theme-colors": false
}
