{
	"name": "Argonaut",
	"comment": "Generated by Gogh",
	"foreground-color": "#fffaf4",
	"background-color":"#0e1019",
	"cursor-background-color": "#fffaf4",
	"palette": [
		"#232323",
		"#ff000f",
		"#8ce10b",
		"#ffb900",
		"#008df8",
		"#6d43a6",
		"#00d8eb",
		"#ffffff",
		"#444444",
		"#ff2740",
		"#abe15b",
		"#ffd242",
		"#0092ff",
		"#9a5feb",
		"#67fff0",
		"#ffffff"
	],
	"use-badge-color": false,
	"use-bold-color": false,
	"use-cursor-color": false,
	"use-highlight-color": false,
	"use-theme-colors": false
}
