{
	"name": "Arthur",
	"comment": "Generated by Gogh",
	"foreground-color": "#ddeedd",
	"background-color":"#1c1c1c",
	"cursor-background-color": "#ddeedd",
	"palette": [
		"#3d352a",
		"#cd5c5c",
		"#86af80",
		"#e8ae5b",
		"#6495ed",
		"#deb887",
		"#b0c4de",
		"#bbaa99",
		"#554444",
		"#cc5533",
		"#88aa22",
		"#ffa75d",
		"#87ceeb",
		"#996600",
		"#b0c4de",
		"#ddccbb"
	],
	"use-badge-color": false,
	"use-bold-color": false,
	"use-cursor-color": false,
	"use-highlight-color": false,
	"use-theme-colors": false
}
