{
	"name": "Atom",
	"comment": "Generated by Gogh",
	"foreground-color": "#c5c8c6",
	"background-color":"#161719",
	"cursor-background-color": "#c5c8c6",
	"palette": [
		"#000000",
		"#fd5ff1",
		"#87c38a",
		"#ffd7b1",
		"#85befd",
		"#b9b6fc",
		"#85befd",
		"#e0e0e0",
		"#000000",
		"#fd5ff1",
		"#94fa36",
		"#f5ffa8",
		"#96cbfe",
		"#b9b6fc",
		"#85befd",
		"#e0e0e0"
	],
	"use-badge-color": false,
	"use-bold-color": false,
	"use-cursor-color": false,
	"use-highlight-color": false,
	"use-theme-colors": false
}
