{
	"name": "Azu",
	"comment": "Generated by Gogh",
	"foreground-color": "#d9e6f2",
	"background-color":"#09111a",
	"cursor-background-color": "#d9e6f2",
	"palette": [
		"#000000",
		"#ac6d74",
		"#74ac6d",
		"#aca46d",
		"#6d74ac",
		"#a46dac",
		"#6daca4",
		"#e6e6e6",
		"#262626",
		"#d6b8bc",
		"#bcd6b8",
		"#d6d3b8",
		"#b8bcd6",
		"#d3b8d6",
		"#b8d6d3",
		"#ffffff"
	],
	"use-badge-color": false,
	"use-bold-color": false,
	"use-cursor-color": false,
	"use-highlight-color": false,
	"use-theme-colors": false
}
