{
	"name": "base16: Google (light)",
	"comment": "Generated by Gogh",
	"foreground-color": "#373B41",
	"background-color":"#FFFFFF",
	"cursor-background-color": "#373B41",
	"palette": [
		"#FFFFFF",
		"#CC342B",
		"#198844",
		"#FBA921",
		"#3870ED",
		"#A26AC7",
		"#3870ED",
		"#373B41",
		"#C5C8C6",
		"#CC342B",
		"#198844",
		"#FBA921",
		"#3870ED",
		"#A26AC7",
		"#3870ED",
		"#1D1F21"
	],
	"use-badge-color": false,
	"use-bold-color": false,
	"use-cursor-color": false,
	"use-highlight-color": false,
	"use-theme-colors": false
}
