{
	"name": "base16: Google (dark)",
	"comment": "Generated by Gogh",
	"foreground-color": "#B4B7B4",
	"background-color":"#1D1F21",
	"cursor-background-color": "#B4B7B4",
	"palette": [
		"#1D1F21",
		"#CC342B",
		"#198844",
		"#FBA922",
		"#3971ED",
		"#A36AC7",
		"#3971ED",
		"#C5C8C6",
		"#969896",
		"#CC342B",
		"#198844",
		"#FBA922",
		"#3971ED",
		"#A36AC7",
		"#3971ED",
		"#FFFFFF"
	],
	"use-badge-color": false,
	"use-bold-color": false,
	"use-cursor-color": false,
	"use-highlight-color": false,
	"use-theme-colors": false
}
