{
	"name": "Belafonte Day",
	"comment": "Generated by Gogh",
	"foreground-color": "#45373c",
	"background-color":"#d5ccba",
	"cursor-background-color": "#45373c",
	"palette": [
		"#20111b",
		"#be100e",
		"#858162",
		"#eaa549",
		"#426a79",
		"#97522c",
		"#989a9c",
		"#968c83",
		"#5e5252",
		"#be100e",
		"#858162",
		"#eaa549",
		"#426a79",
		"#97522c",
		"#989a9c",
		"#d5ccba"
	],
	"use-badge-color": false,
	"use-bold-color": false,
	"use-cursor-color": false,
	"use-highlight-color": false,
	"use-theme-colors": false
}
