{
	"name": "Bim",
	"comment": "Generated by Gogh",
	"foreground-color": "#a9bed8",
	"background-color":"#012849",
	"cursor-background-color": "#a9bed8",
	"palette": [
		"#2c2423",
		"#f557a0",
		"#a9ee55",
		"#f5a255",
		"#5ea2ec",
		"#a957ec",
		"#5eeea0",
		"#918988",
		"#918988",
		"#f579b2",
		"#bbee78",
		"#f5b378",
		"#81b3ec",
		"#bb79ec",
		"#81eeb2",
		"#f5eeec"
	],
	"use-badge-color": false,
	"use-bold-color": false,
	"use-cursor-color": false,
	"use-highlight-color": false,
	"use-theme-colors": false
}
