{
	"name": "Birds Of Paradise",
	"comment": "Generated by Gogh",
	"foreground-color": "#e0dbb7",
	"background-color":"#2a1f1d",
	"cursor-background-color": "#e0dbb7",
	"palette": [
		"#573d26",
		"#be2d26",
		"#6ba18a",
		"#e99d2a",
		"#5a86ad",
		"#ac80a6",
		"#74a6ad",
		"#e0dbb7",
		"#9b6c4a",
		"#e84627",
		"#95d8ba",
		"#d0d150",
		"#b8d3ed",
		"#d19ecb",
		"#93cfd7",
		"#fff9d5"
	],
	"use-badge-color": false,
	"use-bold-color": false,
	"use-cursor-color": false,
	"use-highlight-color": false,
	"use-theme-colors": false
}
