{
	"name": "Borland",
	"comment": "Generated by Gogh",
	"foreground-color": "#ffff4e",
	"background-color":"#0000a4",
	"cursor-background-color": "#ffff4e",
	"palette": [
		"#4f4f4f",
		"#ff6c60",
		"#a8ff60",
		"#ffffb6",
		"#96cbfe",
		"#ff73fd",
		"#c6c5fe",
		"#eeeeee",
		"#7c7c7c",
		"#ffb6b0",
		"#ceffac",
		"#ffffcc",
		"#b5dcff",
		"#ff9cfe",
		"#dfdffe",
		"#ffffff"
	],
	"use-badge-color": false,
	"use-bold-color": false,
	"use-cursor-color": false,
	"use-highlight-color": false,
	"use-theme-colors": false
}
