{
	"name": "Broadcast",
	"comment": "Generated by Gogh",
	"foreground-color": "#e6e1dc",
	"background-color":"#2b2b2b",
	"cursor-background-color": "#e6e1dc",
	"palette": [
		"#000000",
		"#da4939",
		"#519f50",
		"#ffd24a",
		"#6d9cbe",
		"#d0d0ff",
		"#6e9cbe",
		"#ffffff",
		"#323232",
		"#ff7b6b",
		"#83d182",
		"#ffff7c",
		"#9fcef0",
		"#ffffff",
		"#a0cef0",
		"#ffffff"
	],
	"use-badge-color": false,
	"use-bold-color": false,
	"use-cursor-color": false,
	"use-highlight-color": false,
	"use-theme-colors": false
}
