{
	"name": "Brogrammer",
	"comment": "Generated by Gogh",
	"foreground-color": "#d6dbe5",
	"background-color":"#131313",
	"cursor-background-color": "#d6dbe5",
	"palette": [
		"#1f1f1f",
		"#f81118",
		"#2dc55e",
		"#ecba0f",
		"#2a84d2",
		"#4e5ab7",
		"#1081d6",
		"#d6dbe5",
		"#d6dbe5",
		"#de352e",
		"#1dd361",
		"#f3bd09",
		"#1081d6",
		"#5350b9",
		"#0f7ddb",
		"#ffffff"
	],
	"use-badge-color": false,
	"use-bold-color": false,
	"use-cursor-color": false,
	"use-highlight-color": false,
	"use-theme-colors": false
}
