{
	"name": "C64",
	"comment": "Generated by Gogh",
	"foreground-color": "#7869c4",
	"background-color":"#40318d",
	"cursor-background-color": "#7869c4",
	"palette": [
		"#090300",
		"#883932",
		"#55a049",
		"#bfce72",
		"#40318d",
		"#8b3f96",
		"#67b6bd",
		"#ffffff",
		"#000000",
		"#883932",
		"#55a049",
		"#bfce72",
		"#40318d",
		"#8b3f96",
		"#67b6bd",
		"#f7f7f7"
	],
	"use-badge-color": false,
	"use-bold-color": false,
	"use-cursor-color": false,
	"use-highlight-color": false,
	"use-theme-colors": false
}
