{
	"name": "Cai",
	"comment": "Generated by Gogh",
	"foreground-color": "#d9e6f2",
	"background-color":"#09111a",
	"cursor-background-color": "#d9e6f2",
	"palette": [
		"#000000",
		"#ca274d",
		"#4dca27",
		"#caa427",
		"#274dca",
		"#a427ca",
		"#27caa4",
		"#808080",
		"#808080",
		"#e98da3",
		"#a3e98d",
		"#e9d48d",
		"#8da3e9",
		"#d48de9",
		"#8de9d4",
		"#ffffff"
	],
	"use-badge-color": false,
	"use-bold-color": false,
	"use-cursor-color": false,
	"use-highlight-color": false,
	"use-theme-colors": false
}
