{
	"name": "Chalk",
	"comment": "Generated by Gogh",
	"foreground-color": "#D4D4D4",
	"background-color":"#2D2D2D",
	"cursor-background-color": "#D4D4D4",
	"palette": [
		"#646464",
		"#F58E8E",
		"#A9D3AB",
		"#FED37E",
		"#7AABD4",
		"#D6ADD5",
		"#79D4D5",
		"#D4D4D4",
		"#646464",
		"#F58E8E",
		"#A9D3AB",
		"#FED37E",
		"#7AABD4",
		"#D6ADD5",
		"#79D4D5",
		"#D4D4D4"
	],
	"use-badge-color": false,
	"use-bold-color": false,
	"use-cursor-color": false,
	"use-highlight-color": false,
	"use-theme-colors": false
}
