{
	"name": "Chalkboard",
	"comment": "Generated by Gogh",
	"foreground-color": "#d9e6f2",
	"background-color":"#29262f",
	"cursor-background-color": "#d9e6f2",
	"palette": [
		"#000000",
		"#c37372",
		"#72c373",
		"#c2c372",
		"#7372c3",
		"#c372c2",
		"#72c2c3",
		"#d9d9d9",
		"#323232",
		"#dbaaaa",
		"#aadbaa",
		"#dadbaa",
		"#aaaadb",
		"#dbaada",
		"#aadadb",
		"#ffffff"
	],
	"use-badge-color": false,
	"use-bold-color": false,
	"use-cursor-color": false,
	"use-highlight-color": false,
	"use-theme-colors": false
}
