{
	"name": "Ciapre",
	"comment": "Generated by Gogh",
	"foreground-color": "#aea47a",
	"background-color":"#191c27",
	"cursor-background-color": "#aea47a",
	"palette": [
		"#181818",
		"#810009",
		"#48513b",
		"#cc8b3f",
		"#576d8c",
		"#724d7c",
		"#5c4f4b",
		"#aea47f",
		"#555555",
		"#ac3835",
		"#a6a75d",
		"#dcdf7c",
		"#3097c6",
		"#d33061",
		"#f3dbb2",
		"#f4f4f4"
	],
	"use-badge-color": false,
	"use-bold-color": false,
	"use-cursor-color": false,
	"use-highlight-color": false,
	"use-theme-colors": false
}
