{
	"name": "Clone of Ubuntu",
	"comment": "Generated by Gogh",
	"foreground-color": "#ffffff",
	"background-color":"#300a24",
	"cursor-background-color": "#ffffff",
	"palette": [
		"#2E3436",
		"#CC0000",
		"#4E9A06",
		"#C4A000",
		"#3465A4",
		"#75507B",
		"#06989A",
		"#D3D7CF",
		"#555753",
		"#EF2929",
		"#8AE234",
		"#FCE94F",
		"#729FCF",
		"#AD7FA8",
		"#34E2E2",
		"#EEEEEC"
	],
	"use-badge-color": false,
	"use-bold-color": false,
	"use-cursor-color": false,
	"use-highlight-color": false,
	"use-theme-colors": false
}
