{
	"name": "CLRS",
	"comment": "Generated by Gogh",
	"foreground-color": "#262626",
	"background-color":"#ffffff",
	"cursor-background-color": "#262626",
	"palette": [
		"#000000",
		"#f8282a",
		"#328a5d",
		"#fa701d",
		"#135cd0",
		"#9f00bd",
		"#33c3c1",
		"#b3b3b3",
		"#555753",
		"#fb0416",
		"#2cc631",
		"#fdd727",
		"#1670ff",
		"#e900b0",
		"#3ad5ce",
		"#eeeeec"
	],
	"use-badge-color": false,
	"use-bold-color": false,
	"use-cursor-color": false,
	"use-highlight-color": false,
	"use-theme-colors": false
}
