{
	"name": "Cobalt Neon",
	"comment": "Generated by Gogh",
	"foreground-color": "#8ff586",
	"background-color":"#142838",
	"cursor-background-color": "#8ff586",
	"palette": [
		"#142631",
		"#ff2320",
		"#3ba5ff",
		"#e9e75c",
		"#8ff586",
		"#781aa0",
		"#8ff586",
		"#ba46b2",
		"#fff688",
		"#d4312e",
		"#8ff586",
		"#e9f06d",
		"#3c7dd2",
		"#8230a7",
		"#6cbc67",
		"#8ff586"
	],
	"use-badge-color": false,
	"use-bold-color": false,
	"use-cursor-color": false,
	"use-highlight-color": false,
	"use-theme-colors": false
}
