{
	"name": "Cobalt 2",
	"comment": "Generated by Gogh",
	"foreground-color": "#ffffff",
	"background-color":"#132738",
	"cursor-background-color": "#ffffff",
	"palette": [
		"#000000",
		"#ff0000",
		"#38de21",
		"#ffe50a",
		"#1460d2",
		"#ff005d",
		"#00bbbb",
		"#bbbbbb",
		"#555555",
		"#f40e17",
		"#3bd01d",
		"#edc809",
		"#5555ff",
		"#ff55ff",
		"#6ae3fa",
		"#ffffff"
	],
	"use-badge-color": false,
	"use-bold-color": false,
	"use-cursor-color": false,
	"use-highlight-color": false,
	"use-theme-colors": false
}
