{
	"name": "Crayon Pony Fish",
	"comment": "Generated by Gogh",
	"foreground-color": "#68525a",
	"background-color":"#150707",
	"cursor-background-color": "#68525a",
	"palette": [
		"#2b1b1d",
		"#91002b",
		"#579524",
		"#ab311b",
		"#8c87b0",
		"#692f50",
		"#e8a866",
		"#68525a",
		"#3d2b2e",
		"#c5255d",
		"#8dff57",
		"#c8381d",
		"#cfc9ff",
		"#fc6cba",
		"#ffceaf",
		"#b0949d"
	],
	"use-badge-color": false,
	"use-bold-color": false,
	"use-cursor-color": false,
	"use-highlight-color": false,
	"use-theme-colors": false
}
