{
	"name": "Dark Pastel",
	"comment": "Generated by Gogh",
	"foreground-color": "#ffffff",
	"background-color":"#000000",
	"cursor-background-color": "#ffffff",
	"palette": [
		"#000000",
		"#ff5555",
		"#55ff55",
		"#ffff55",
		"#5555ff",
		"#ff55ff",
		"#55ffff",
		"#bbbbbb",
		"#555555",
		"#ff5555",
		"#55ff55",
		"#ffff55",
		"#5555ff",
		"#ff55ff",
		"#55ffff",
		"#ffffff"
	],
	"use-badge-color": false,
	"use-bold-color": false,
	"use-cursor-color": false,
	"use-highlight-color": false,
	"use-theme-colors": false
}
