{
	"name": "Darkside",
	"comment": "Generated by Gogh",
	"foreground-color": "#bababa",
	"background-color":"#222324",
	"cursor-background-color": "#bababa",
	"palette": [
		"#000000",
		"#e8341c",
		"#68c256",
		"#f2d42c",
		"#1c98e8",
		"#8e69c9",
		"#1c98e8",
		"#bababa",
		"#000000",
		"#e05a4f",
		"#77b869",
		"#efd64b",
		"#387cd3",
		"#957bbe",
		"#3d97e2",
		"#bababa"
	],
	"use-badge-color": false,
	"use-bold-color": false,
	"use-cursor-color": false,
	"use-highlight-color": false,
	"use-theme-colors": false
}
