{
	"name": "Desert",
	"comment": "Generated by Gogh",
	"foreground-color": "#ffffff",
	"background-color":"#333333",
	"cursor-background-color": "#ffffff",
	"palette": [
		"#4d4d4d",
		"#ff2b2b",
		"#98fb98",
		"#f0e68c",
		"#cd853f",
		"#ffdead",
		"#ffa0a0",
		"#f5deb3",
		"#555555",
		"#ff5555",
		"#55ff55",
		"#ffff55",
		"#87ceff",
		"#ff55ff",
		"#ffd700",
		"#ffffff"
	],
	"use-badge-color": false,
	"use-bold-color": false,
	"use-cursor-color": false,
	"use-highlight-color": false,
	"use-theme-colors": false
}
