{
	"name": "Dimmed Monokai",
	"comment": "Generated by Gogh",
	"foreground-color": "#b9bcba",
	"background-color":"#1f1f1f",
	"cursor-background-color": "#b9bcba",
	"palette": [
		"#3a3d43",
		"#be3f48",
		"#879a3b",
		"#c5a635",
		"#4f76a1",
		"#855c8d",
		"#578fa4",
		"#b9bcba",
		"#888987",
		"#fb001f",
		"#0f722f",
		"#c47033",
		"#186de3",
		"#fb0067",
		"#2e706d",
		"#fdffb9"
	],
	"use-badge-color": false,
	"use-bold-color": false,
	"use-cursor-color": false,
	"use-highlight-color": false,
	"use-theme-colors": false
}
