{
	"name": "Dracula",
	"comment": "Generated by Gogh",
	"foreground-color": "#94A3A5",
	"background-color":"#282a36",
	"cursor-background-color": "#94A3A5",
	"palette": [
		"#44475a",
		"#ff5555",
		"#50fa7b",
		"#ffb86c",
		"#8be9fd",
		"#bd93f9",
		"#ff79c6",
		"#94A3A5",
		"#000000",
		"#ff5555",
		"#50fa7b",
		"#ffb86c",
		"#8be9fd",
		"#bd93f9",
		"#ff79c6",
		"#ffffff"
	],
	"use-badge-color": false,
	"use-bold-color": false,
	"use-cursor-color": false,
	"use-highlight-color": false,
	"use-theme-colors": false
}
