{
	"name": "Earthsong",
	"comment": "Generated by Gogh",
	"foreground-color": "#e5c7a9",
	"background-color":"#292520",
	"cursor-background-color": "#e5c7a9",
	"palette": [
		"#121418",
		"#c94234",
		"#85c54c",
		"#f5ae2e",
		"#1398b9",
		"#d0633d",
		"#509552",
		"#e5c6aa",
		"#675f54",
		"#ff645a",
		"#98e036",
		"#e0d561",
		"#5fdaff",
		"#ff9269",
		"#84f088",
		"#f6f7ec"
	],
	"use-badge-color": false,
	"use-bold-color": false,
	"use-cursor-color": false,
	"use-highlight-color": false,
	"use-theme-colors": false
}
