{
	"name": "Elemental",
	"comment": "Generated by Gogh",
	"foreground-color": "#807a74",
	"background-color":"#22211d",
	"cursor-background-color": "#807a74",
	"palette": [
		"#3c3c30",
		"#98290f",
		"#479a43",
		"#7f7111",
		"#497f7d",
		"#7f4e2f",
		"#387f58",
		"#807974",
		"#555445",
		"#e0502a",
		"#61e070",
		"#d69927",
		"#79d9d9",
		"#cd7c54",
		"#59d599",
		"#fff1e9"
	],
	"use-badge-color": false,
	"use-bold-color": false,
	"use-cursor-color": false,
	"use-highlight-color": false,
	"use-theme-colors": false
}
