{
	"name": "Elic",
	"comment": "Generated by Gogh",
	"foreground-color": "#f2f2f2",
	"background-color":"#4A453E",
	"cursor-background-color": "#f2f2f2",
	"palette": [
		"#303030",
		"#e1321a",
		"#6ab017",
		"#ffc005",
		"#729FCF",
		"#ec0048",
		"#f2f2f2",
		"#2aa7e7",
		"#5d5d5d",
		"#ff361e",
		"#7bc91f",
		"#ffd00a",
		"#0071ff",
		"#ff1d62",
		"#4bb8fd",
		"#a020f0"
	],
	"use-badge-color": false,
	"use-bold-color": false,
	"use-cursor-color": false,
	"use-highlight-color": false,
	"use-theme-colors": false
}
