{
	"name": "Espresso",
	"comment": "Generated by Gogh",
	"foreground-color": "#ffffff",
	"background-color":"#323232",
	"cursor-background-color": "#ffffff",
	"palette": [
		"#353535",
		"#d25252",
		"#a5c261",
		"#ffc66d",
		"#6c99bb",
		"#d197d9",
		"#bed6ff",
		"#eeeeec",
		"#535353",
		"#f00c0c",
		"#c2e075",
		"#e1e48b",
		"#8ab7d9",
		"#efb5f7",
		"#dcf4ff",
		"#ffffff"
	],
	"use-badge-color": false,
	"use-bold-color": false,
	"use-cursor-color": false,
	"use-highlight-color": false,
	"use-theme-colors": false
}
