{
	"name": "Espresso Libre",
	"comment": "Generated by Gogh",
	"foreground-color": "#b8a898",
	"background-color":"#2a211c",
	"cursor-background-color": "#b8a898",
	"palette": [
		"#000000",
		"#cc0000",
		"#1a921c",
		"#f0e53a",
		"#0066ff",
		"#c5656b",
		"#06989a",
		"#d3d7cf",
		"#555753",
		"#ef2929",
		"#9aff87",
		"#fffb5c",
		"#43a8ed",
		"#ff818a",
		"#34e2e2",
		"#eeeeec"
	],
	"use-badge-color": false,
	"use-bold-color": false,
	"use-cursor-color": false,
	"use-highlight-color": false,
	"use-theme-colors": false
}
