{
	"name": "Fishtank",
	"comment": "Generated by Gogh",
	"foreground-color": "#ecf0fe",
	"background-color":"#232537",
	"cursor-background-color": "#ecf0fe",
	"palette": [
		"#03073c",
		"#c6004a",
		"#acf157",
		"#fecd5e",
		"#525fb8",
		"#986f82",
		"#968763",
		"#ecf0fc",
		"#6c5b30",
		"#da4b8a",
		"#dbffa9",
		"#fee6a9",
		"#b2befa",
		"#fda5cd",
		"#a5bd86",
		"#f6ffec"
	],
	"use-badge-color": false,
	"use-bold-color": false,
	"use-cursor-color": false,
	"use-highlight-color": false,
	"use-theme-colors": false
}
