{
	"name": "Flat",
	"comment": "Generated by Gogh",
	"foreground-color": "#1abc9c",
	"background-color":"#1F2D3A",
	"cursor-background-color": "#1abc9c",
	"palette": [
		"#2c3e50",
		"#c0392b",
		"#27ae60",
		"#f39c12",
		"#2980b9",
		"#8e44ad",
		"#16a085",
		"#bdc3c7",
		"#34495e",
		"#e74c3c",
		"#2ecc71",
		"#f1c40f",
		"#3498db",
		"#9b59b6",
		"#2AA198",
		"#ecf0f1"
	],
	"use-badge-color": false,
	"use-bold-color": false,
	"use-cursor-color": false,
	"use-highlight-color": false,
	"use-theme-colors": false
}
