{
	"name": "Flatland",
	"comment": "Generated by Gogh",
	"foreground-color": "#b8dbef",
	"background-color":"#1d1f21",
	"cursor-background-color": "#b8dbef",
	"palette": [
		"#1d1d19",
		"#f18339",
		"#9fd364",
		"#f4ef6d",
		"#5096be",
		"#695abc",
		"#d63865",
		"#ffffff",
		"#1d1d19",
		"#d22a24",
		"#a7d42c",
		"#ff8949",
		"#61b9d0",
		"#695abc",
		"#d63865",
		"#ffffff"
	],
	"use-badge-color": false,
	"use-bold-color": false,
	"use-cursor-color": false,
	"use-highlight-color": false,
	"use-theme-colors": false
}
