{
	"name": "Foxnightly",
	"comment": "Generated by Gogh",
	"foreground-color": "#D7D7DB",
	"background-color":"#2A2A2E",
	"cursor-background-color": "#D7D7DB",
	"palette": [
		"#2A2A2E",
		"#B98EFF",
		"#FF7DE9",
		"#729FCF",
		"#66A05B",
		"#75507B",
		"#ACACAE",
		"#FFFFFF",
		"#A40000",
		"#BF4040",
		"#66A05B",
		"#FFB86C",
		"#729FCF",
		"#8F5902",
		"#C4A000",
		"#5C3566"
	],
	"use-badge-color": false,
	"use-bold-color": false,
	"use-cursor-color": false,
	"use-highlight-color": false,
	"use-theme-colors": false
}
