{
	"name": "Freya",
	"comment": "Generated by Gogh",
	"foreground-color": "#94a3a5",
	"background-color":"#252e32",
	"cursor-background-color": "#839496",
	"palette": [
		"#073642",
		"#dc322f",
		"#859900",
		"#b58900",
		"#268bd2",
		"#ec0048",
		"#2aa198",
		"#94a3a5",
		"#586e75",
		"#cb4b16",
		"#859900",
		"#b58900",
		"#268bd2",
		"#d33682",
		"#2aa198",
		"#6c71c4"
	],
	"use-badge-color": false,
	"use-bold-color": false,
	"use-cursor-color": false,
	"use-highlight-color": false,
	"use-theme-colors": false
}
