{
	"name": "Frontend Galaxy",
	"comment": "Generated by Gogh",
	"foreground-color": "#ffffff",
	"background-color":"#1d2837",
	"cursor-background-color": "#ffffff",
	"palette": [
		"#000000",
		"#f9555f",
		"#21b089",
		"#fef02a",
		"#589df6",
		"#944d95",
		"#1f9ee7",
		"#bbbbbb",
		"#555555",
		"#fa8c8f",
		"#35bb9a",
		"#ffff55",
		"#589df6",
		"#e75699",
		"#3979bc",
		"#ffffff"
	],
	"use-badge-color": false,
	"use-bold-color": false,
	"use-cursor-color": false,
	"use-highlight-color": false,
	"use-theme-colors": false
}
