{
	"name": "Frontend Delight",
	"comment": "Generated by Gogh",
	"foreground-color": "#adadad",
	"background-color":"#1b1c1d",
	"cursor-background-color": "#adadad",
	"palette": [
		"#242526",
		"#f8511b",
		"#565747",
		"#fa771d",
		"#2c70b7",
		"#f02e4f",
		"#3ca1a6",
		"#adadad",
		"#5fac6d",
		"#f74319",
		"#74ec4c",
		"#fdc325",
		"#3393ca",
		"#e75e4f",
		"#4fbce6",
		"#8c735b"
	],
	"use-badge-color": false,
	"use-bold-color": false,
	"use-cursor-color": false,
	"use-highlight-color": false,
	"use-theme-colors": false
}
