{
	"name": "Frontend Fun Forrest",
	"comment": "Generated by Gogh",
	"foreground-color": "#dec165",
	"background-color":"#251200",
	"cursor-background-color": "#dec165",
	"palette": [
		"#000000",
		"#d6262b",
		"#919c00",
		"#be8a13",
		"#4699a3",
		"#8d4331",
		"#da8213",
		"#ddc265",
		"#7f6a55",
		"#e55a1c",
		"#bfc65a",
		"#ffcb1b",
		"#7cc9cf",
		"#d26349",
		"#e6a96b",
		"#ffeaa3"
	],
	"use-badge-color": false,
	"use-bold-color": false,
	"use-cursor-color": false,
	"use-highlight-color": false,
	"use-theme-colors": false
}
