{
	"name": "Github",
	"comment": "Generated by Gogh",
	"foreground-color": "#3e3e3e",
	"background-color":"#f4f4f4",
	"cursor-background-color": "#3e3e3e",
	"palette": [
		"#3e3e3e",
		"#970b16",
		"#07962a",
		"#f8eec7",
		"#003e8a",
		"#e94691",
		"#89d1ec",
		"#ffffff",
		"#666666",
		"#de0000",
		"#87d5a2",
		"#f1d007",
		"#2e6cba",
		"#ffa29f",
		"#1cfafe",
		"#ffffff"
	],
	"use-badge-color": false,
	"use-bold-color": false,
	"use-cursor-color": false,
	"use-highlight-color": false,
	"use-theme-colors": false
}
