{
	"name": "gooey",
	"comment": "Generated by Gogh",
	"foreground-color": "#EBEEF9",
	"background-color":"#0D101B",
	"cursor-background-color": "#EBEEF9",
	"palette": [
		"#000009",
		"#BB4F6C",
		"#72CCAE",
		"#C65E3D",
		"#58B6CA",
		"#6488C4",
		"#8D84C6",
		"#858893",
		"#1f222d",
		"#ee829f",
		"#a5ffe1",
		"#f99170",
		"#8be9fd",
		"#97bbf7",
		"#c0b7f9",
		"#ffffff"
	],
	"use-badge-color": false,
	"use-bold-color": false,
	"use-cursor-color": false,
	"use-highlight-color": false,
	"use-theme-colors": false
}
