{
	"name": "Grape",
	"comment": "Generated by Gogh",
	"foreground-color": "#9f9fa1",
	"background-color":"#171423",
	"cursor-background-color": "#9f9fa1",
	"palette": [
		"#2d283f",
		"#ed2261",
		"#1fa91b",
		"#8ddc20",
		"#487df4",
		"#8d35c9",
		"#3bdeed",
		"#9e9ea0",
		"#59516a",
		"#f0729a",
		"#53aa5e",
		"#b2dc87",
		"#a9bcec",
		"#ad81c2",
		"#9de3eb",
		"#a288f7"
	],
	"use-badge-color": false,
	"use-bold-color": false,
	"use-cursor-color": false,
	"use-highlight-color": false,
	"use-theme-colors": false
}
