{
	"name": "Grass",
	"comment": "Generated by Gogh",
	"foreground-color": "#fff0a5",
	"background-color":"#13773d",
	"cursor-background-color": "#fff0a5",
	"palette": [
		"#000000",
		"#bb0000",
		"#00bb00",
		"#e7b000",
		"#0000a3",
		"#950062",
		"#00bbbb",
		"#bbbbbb",
		"#555555",
		"#bb0000",
		"#00bb00",
		"#e7b000",
		"#0000bb",
		"#ff55ff",
		"#55ffff",
		"#ffffff"
	],
	"use-badge-color": false,
	"use-bold-color": false,
	"use-cursor-color": false,
	"use-highlight-color": false,
	"use-theme-colors": false
}
