{
	"name": "Gruvbox",
	"comment": "Generated by Gogh",
	"foreground-color": "#3c3836",
	"background-color":"#fbf1c7",
	"cursor-background-color": "#3c3836",
	"palette": [
		"#fbf1c7",
		"#cc241d",
		"#98971a",
		"#d79921",
		"#458588",
		"#b16286",
		"#689d6a",
		"#7c6f64",
		"#928374",
		"#9d0006",
		"#79740e",
		"#b57614",
		"#076678",
		"#8f3f71",
		"#427b58",
		"#3c3836"
	],
	"use-badge-color": false,
	"use-bold-color": false,
	"use-cursor-color": false,
	"use-highlight-color": false,
	"use-theme-colors": false
}
