{
	"name": "Gruvbox Dark",
	"comment": "Generated by Gogh",
	"foreground-color": "#ebdbb2",
	"background-color":"#282828",
	"cursor-background-color": "#ebdbb2",
	"palette": [
		"#282828",
		"#cc241d",
		"#98971a",
		"#d79921",
		"#458588",
		"#b16286",
		"#689d6a",
		"#a89984",
		"#928374",
		"#fb4934",
		"#b8bb26",
		"#fabd2f",
		"#83a598",
		"#d3869b",
		"#8ec07c",
		"#ebdbb2"
	],
	"use-badge-color": false,
	"use-bold-color": false,
	"use-cursor-color": false,
	"use-highlight-color": false,
	"use-theme-colors": false
}
