{
	"name": "Hardcore",
	"comment": "Generated by Gogh",
	"foreground-color": "#a0a0a0",
	"background-color":"#121212",
	"cursor-background-color": "#a0a0a0",
	"palette": [
		"#1b1d1e",
		"#f92672",
		"#a6e22e",
		"#fd971f",
		"#66d9ef",
		"#9e6ffe",
		"#5e7175",
		"#ccccc6",
		"#505354",
		"#ff669d",
		"#beed5f",
		"#e6db74",
		"#66d9ef",
		"#9e6ffe",
		"#a3babf",
		"#f8f8f2"
	],
	"use-badge-color": false,
	"use-bold-color": false,
	"use-cursor-color": false,
	"use-highlight-color": false,
	"use-theme-colors": false
}
