{
	"name": "Harper",
	"comment": "Generated by Gogh",
	"foreground-color": "#a8a49d",
	"background-color":"#010101",
	"cursor-background-color": "#a8a49d",
	"palette": [
		"#010101",
		"#f8b63f",
		"#7fb5e1",
		"#d6da25",
		"#489e48",
		"#b296c6",
		"#f5bfd7",
		"#a8a49d",
		"#726e6a",
		"#f8b63f",
		"#7fb5e1",
		"#d6da25",
		"#489e48",
		"#b296c6",
		"#f5bfd7",
		"#fefbea"
	],
	"use-badge-color": false,
	"use-bold-color": false,
	"use-cursor-color": false,
	"use-highlight-color": false,
	"use-theme-colors": false
}
