{
	"name": "Hemisu Light",
	"comment": "Generated by Gogh",
	"foreground-color": "#444444",
	"background-color":"#EFEFEF",
	"cursor-background-color": "#FF0054",
	"palette": [
		"#777777",
		"#FF0055",
		"#739100",
		"#503D15",
		"#538091",
		"#5B345E",
		"#538091",
		"#999999",
		"#999999",
		"#D65E76",
		"#9CC700",
		"#947555",
		"#9DB3CD",
		"#A184A4",
		"#85B2AA",
		"#BABABA"
	],
	"use-badge-color": false,
	"use-bold-color": false,
	"use-cursor-color": false,
	"use-highlight-color": false,
	"use-theme-colors": false
}
