{
	"name": "Hemisu Dark",
	"comment": "Generated by Gogh",
	"foreground-color": "#FFFFFF",
	"background-color":"#000000",
	"cursor-background-color": "#BAFFAA",
	"palette": [
		"#444444",
		"#FF0054",
		"#B1D630",
		"#9D895E",
		"#67BEE3",
		"#B576BC",
		"#569A9F",
		"#EDEDED",
		"#777777",
		"#D65E75",
		"#BAFFAA",
		"#ECE1C8",
		"#9FD3E5",
		"#DEB3DF",
		"#B6E0E5",
		"#FFFFFF"
	],
	"use-badge-color": false,
	"use-bold-color": false,
	"use-cursor-color": false,
	"use-highlight-color": false,
	"use-theme-colors": false
}
