{
	"name": "Highway",
	"comment": "Generated by Gogh",
	"foreground-color": "#ededed",
	"background-color":"#222225",
	"cursor-background-color": "#ededed",
	"palette": [
		"#000000",
		"#d00e18",
		"#138034",
		"#ffcb3e",
		"#006bb3",
		"#6b2775",
		"#384564",
		"#ededed",
		"#5d504a",
		"#f07e18",
		"#b1d130",
		"#fff120",
		"#4fc2fd",
		"#de0071",
		"#5d504a",
		"#ffffff"
	],
	"use-badge-color": false,
	"use-bold-color": false,
	"use-cursor-color": false,
	"use-highlight-color": false,
	"use-theme-colors": false
}
