{
	"name": "Hipster Green",
	"comment": "Generated by Gogh",
	"foreground-color": "#84c138",
	"background-color":"#100b05",
	"cursor-background-color": "#84c138",
	"palette": [
		"#000000",
		"#b6214a",
		"#00a600",
		"#bfbf00",
		"#246eb2",
		"#b200b2",
		"#00a6b2",
		"#bfbfbf",
		"#666666",
		"#e50000",
		"#86a93e",
		"#e5e500",
		"#0000ff",
		"#e500e5",
		"#00e5e5",
		"#e5e5e5"
	],
	"use-badge-color": false,
	"use-bold-color": false,
	"use-cursor-color": false,
	"use-highlight-color": false,
	"use-theme-colors": false
}
