{
	"name": "Hurtado",
	"comment": "Generated by Gogh",
	"foreground-color": "#dbdbdb",
	"background-color":"#000000",
	"cursor-background-color": "#dbdbdb",
	"palette": [
		"#575757",
		"#ff1b00",
		"#a5e055",
		"#fbe74a",
		"#496487",
		"#fd5ff1",
		"#86e9fe",
		"#cbcccb",
		"#262626",
		"#d51d00",
		"#a5df55",
		"#fbe84a",
		"#89beff",
		"#c001c1",
		"#86eafe",
		"#dbdbdb"
	],
	"use-badge-color": false,
	"use-bold-color": false,
	"use-cursor-color": false,
	"use-highlight-color": false,
	"use-theme-colors": false
}
