{
	"name": "Hybrid",
	"comment": "Generated by Gogh",
	"foreground-color": "#94a3a5",
	"background-color":"#141414",
	"cursor-background-color": "#94a3a5",
	"palette": [
		"#282a2e",
		"#A54242",
		"#8C9440",
		"#de935f",
		"#5F819D",
		"#85678F",
		"#5E8D87",
		"#969896",
		"#373b41",
		"#cc6666",
		"#b5bd68",
		"#f0c674",
		"#81a2be",
		"#b294bb",
		"#8abeb7",
		"#c5c8c6"
	],
	"use-badge-color": false,
	"use-bold-color": false,
	"use-cursor-color": false,
	"use-highlight-color": false,
	"use-theme-colors": false
}
