{
	"name": "ibm3270",
	"comment": "Generated by Gogh",
	"foreground-color": "#FDFDFD",
	"background-color":"#000000",
	"cursor-background-color": "#FDFDFD",
	"palette": [
		"#222222",
		"#F01818",
		"#24D830",
		"#F0D824",
		"#7890F0",
		"#F078D8",
		"#54E4E4",
		"#A5A5A5",
		"#888888",
		"#EF8383",
		"#7ED684",
		"#EFE28B",
		"#B3BFEF",
		"#EFB3E3",
		"#9CE2E2",
		"#FFFFFF"
	],
	"use-badge-color": false,
	"use-bold-color": false,
	"use-cursor-color": false,
	"use-highlight-color": false,
	"use-theme-colors": false
}
