{
	"name": "IC Green PPL",
	"comment": "Generated by Gogh",
	"foreground-color": "#d9efd3",
	"background-color":"#3a3d3f",
	"cursor-background-color": "#d9efd3",
	"palette": [
		"#1f1f1f",
		"#fb002a",
		"#339c24",
		"#659b25",
		"#149b45",
		"#53b82c",
		"#2cb868",
		"#e0ffef",
		"#032710",
		"#a7ff3f",
		"#9fff6d",
		"#d2ff6d",
		"#72ffb5",
		"#50ff3e",
		"#22ff71",
		"#daefd0"
	],
	"use-badge-color": false,
	"use-bold-color": false,
	"use-cursor-color": false,
	"use-highlight-color": false,
	"use-theme-colors": false
}
