{
	"name": "IC Orange PPL",
	"comment": "Generated by Gogh",
	"foreground-color": "#ffcb83",
	"background-color":"#262626",
	"cursor-background-color": "#ffcb83",
	"palette": [
		"#000000",
		"#c13900",
		"#a4a900",
		"#caaf00",
		"#bd6d00",
		"#fc5e00",
		"#f79500",
		"#ffc88a",
		"#6a4f2a",
		"#ff8c68",
		"#f6ff40",
		"#ffe36e",
		"#ffbe55",
		"#fc874f",
		"#c69752",
		"#fafaff"
	],
	"use-badge-color": false,
	"use-bold-color": false,
	"use-cursor-color": false,
	"use-highlight-color": false,
	"use-theme-colors": false
}
