{
	"name": "Idle Toes",
	"comment": "Generated by Gogh",
	"foreground-color": "#ffffff",
	"background-color":"#323232",
	"cursor-background-color": "#ffffff",
	"palette": [
		"#323232",
		"#d25252",
		"#7fe173",
		"#ffc66d",
		"#4099ff",
		"#f680ff",
		"#bed6ff",
		"#eeeeec",
		"#535353",
		"#f07070",
		"#9dff91",
		"#ffe48b",
		"#5eb7f7",
		"#ff9dff",
		"#dcf4ff",
		"#ffffff"
	],
	"use-badge-color": false,
	"use-bold-color": false,
	"use-cursor-color": false,
	"use-highlight-color": false,
	"use-theme-colors": false
}
