{
	"name": "Ir Black",
	"comment": "Generated by Gogh",
	"foreground-color": "#eeeeee",
	"background-color":"#000000",
	"cursor-background-color": "ffa560",
	"palette": [
		"#4e4e4e",
		"#ff6c60",
		"#a8ff60",
		"#ffffb6",
		"#69cbfe",
		"#ff73Fd",
		"#c6c5fe",
		"#eeeeee",
		"#7c7c7c",
		"#ffb6b0",
		"#ceffac",
		"#ffffcb",
		"#b5dcfe",
		"#ff9cfe",
		"#dfdffe",
		"#ffffff"
	],
	"use-badge-color": false,
	"use-bold-color": false,
	"use-cursor-color": false,
	"use-highlight-color": false,
	"use-theme-colors": false
}
