{
	"name": "Jackie Brown",
	"comment": "Generated by Gogh",
	"foreground-color": "#ffcc2f",
	"background-color":"#2c1d16",
	"cursor-background-color": "#ffcc2f",
	"palette": [
		"#2c1d16",
		"#ef5734",
		"#2baf2b",
		"#bebf00",
		"#246eb2",
		"#d05ec1",
		"#00acee",
		"#bfbfbf",
		"#666666",
		"#e50000",
		"#86a93e",
		"#e5e500",
		"#0000ff",
		"#e500e5",
		"#00e5e5",
		"#e5e5e5"
	],
	"use-badge-color": false,
	"use-bold-color": false,
	"use-cursor-color": false,
	"use-highlight-color": false,
	"use-theme-colors": false
}
