{
	"name": "Jellybeans",
	"comment": "Generated by Gogh",
	"foreground-color": "#dedede",
	"background-color":"#121212",
	"cursor-background-color": "#dedede",
	"palette": [
		"#929292",
		"#e27373",
		"#94b979",
		"#ffba7b",
		"#97bedc",
		"#e1c0fa",
		"#00988e",
		"#dedede",
		"#bdbdbd",
		"#ffa1a1",
		"#bddeab",
		"#ffdca0",
		"#b1d8f6",
		"#fbdaff",
		"#1ab2a8",
		"#ffffff"
	],
	"use-badge-color": false,
	"use-bold-color": false,
	"use-cursor-color": false,
	"use-highlight-color": false,
	"use-theme-colors": false
}
