{
	"name": "Jup",
	"comment": "Generated by Gogh",
	"foreground-color": "#23476a",
	"background-color":"#758480",
	"cursor-background-color": "#23476a",
	"palette": [
		"#000000",
		"#dd006f",
		"#6fdd00",
		"#dd6f00",
		"#006fdd",
		"#6f00dd",
		"#00dd6f",
		"#f2f2f2",
		"#7d7d7d",
		"#ff74b9",
		"#b9ff74",
		"#ffb974",
		"#74b9ff",
		"#b974ff",
		"#74ffb9",
		"#ffffff"
	],
	"use-badge-color": false,
	"use-bold-color": false,
	"use-cursor-color": false,
	"use-highlight-color": false,
	"use-theme-colors": false
}
