{
	"name": "Kibble",
	"comment": "Generated by Gogh",
	"foreground-color": "#f7f7f7",
	"background-color":"#0e100a",
	"cursor-background-color": "#f7f7f7",
	"palette": [
		"#4d4d4d",
		"#c70031",
		"#29cf13",
		"#d8e30e",
		"#3449d1",
		"#8400ff",
		"#0798ab",
		"#e2d1e3",
		"#5a5a5a",
		"#f01578",
		"#6ce05c",
		"#f3f79e",
		"#97a4f7",
		"#c495f0",
		"#68f2e0",
		"#ffffff"
	],
	"use-badge-color": false,
	"use-bold-color": false,
	"use-cursor-color": false,
	"use-highlight-color": false,
	"use-theme-colors": false
}
