{
	"name": "Later This Evening",
	"comment": "Generated by Gogh",
	"foreground-color": "#959595",
	"background-color":"#222222",
	"cursor-background-color": "#959595",
	"palette": [
		"#2b2b2b",
		"#d45a60",
		"#afba67",
		"#e5d289",
		"#a0bad6",
		"#c092d6",
		"#91bfb7",
		"#3c3d3d",
		"#454747",
		"#d3232f",
		"#aabb39",
		"#e5be39",
		"#6699d6",
		"#ab53d6",
		"#5fc0ae",
		"#c1c2c2"
	],
	"use-badge-color": false,
	"use-bold-color": false,
	"use-cursor-color": false,
	"use-highlight-color": false,
	"use-theme-colors": false
}
