{
	"name": "Lavandula",
	"comment": "Generated by Gogh",
	"foreground-color": "#736e7d",
	"background-color":"#050014",
	"cursor-background-color": "#736e7d",
	"palette": [
		"#230046",
		"#7d1625",
		"#337e6f",
		"#7f6f49",
		"#4f4a7f",
		"#5a3f7f",
		"#58777f",
		"#736e7d",
		"#372d46",
		"#e05167",
		"#52e0c4",
		"#e0c386",
		"#8e87e0",
		"#a776e0",
		"#9ad4e0",
		"#8c91fa"
	],
	"use-badge-color": false,
	"use-bold-color": false,
	"use-cursor-color": false,
	"use-highlight-color": false,
	"use-theme-colors": false
}
