{
	"name": "Liquid Carbon Transparent",
	"comment": "Generated by Gogh",
	"foreground-color": "#afc2c2",
	"background-color":"#000000",
	"cursor-background-color": "#afc2c2",
	"palette": [
		"#000000",
		"#ff3030",
		"#559a70",
		"#ccac00",
		"#0099cc",
		"#cc69c8",
		"#7ac4cc",
		"#bccccc",
		"#000000",
		"#ff3030",
		"#559a70",
		"#ccac00",
		"#0099cc",
		"#cc69c8",
		"#7ac4cc",
		"#bccccc"
	],
	"use-badge-color": false,
	"use-bold-color": false,
	"use-cursor-color": false,
	"use-highlight-color": false,
	"use-theme-colors": false
}
