{
	"name": "Maia",
	"comment": "Generated by Gogh",
	"foreground-color": "#BDX3C7",
	"background-color":"#31363B",
	"cursor-background-color": "#BDX3C7",
	"palette": [
		"#232423",
		"#BA2922",
		"#7E807E",
		"#4C4F4D",
		"#16A085",
		"#43746A",
		"#00CCCC",
		"#E0E0E0",
		"#282928",
		"#CC372C",
		"#8D8F8D",
		"#4E524F",
		"#13BF9D",
		"#487D72",
		"#00D1D1",
		"#E8E8E8"
	],
	"use-badge-color": false,
	"use-bold-color": false,
	"use-cursor-color": false,
	"use-highlight-color": false,
	"use-theme-colors": false
}
