{
	"name": "Mar",
	"comment": "Generated by Gogh",
	"foreground-color": "#23476a",
	"background-color":"#ffffff",
	"cursor-background-color": "#23476a",
	"palette": [
		"#000000",
		"#b5407b",
		"#7bb540",
		"#b57b40",
		"#407bb5",
		"#7b40b5",
		"#40b57b",
		"#f8f8f8",
		"#737373",
		"#cd73a0",
		"#a0cd73",
		"#cda073",
		"#73a0cd",
		"#a073cd",
		"#73cda0",
		"#ffffff"
	],
	"use-badge-color": false,
	"use-bold-color": false,
	"use-cursor-color": false,
	"use-highlight-color": false,
	"use-theme-colors": false
}
