{
	"name": "Material",
	"comment": "Generated by Gogh",
	"foreground-color": "#C3C7D1",
	"background-color":"#1E282C",
	"cursor-background-color": "#657B83",
	"palette": [
		"#073641",
		"#EB606B",
		"#C3E88D",
		"#F7EB95",
		"#80CBC3",
		"#FF2490",
		"#AEDDFF",
		"#FFFFFF",
		"#002B36",
		"#EB606B",
		"#C3E88D",
		"#F7EB95",
		"#7DC6BF",
		"#6C71C3",
		"#34434D",
		"#FFFFFF"
	],
	"use-badge-color": false,
	"use-bold-color": false,
	"use-cursor-color": false,
	"use-highlight-color": false,
	"use-theme-colors": false
}
