{
	"name": "Mathias",
	"comment": "Generated by Gogh",
	"foreground-color": "#bbbbbb",
	"background-color":"#000000",
	"cursor-background-color": "#bbbbbb",
	"palette": [
		"#000000",
		"#e52222",
		"#a6e32d",
		"#fc951e",
		"#c48dff",
		"#fa2573",
		"#67d9f0",
		"#f2f2f2",
		"#555555",
		"#ff5555",
		"#55ff55",
		"#ffff55",
		"#5555ff",
		"#ff55ff",
		"#55ffff",
		"#ffffff"
	],
	"use-badge-color": false,
	"use-bold-color": false,
	"use-cursor-color": false,
	"use-highlight-color": false,
	"use-theme-colors": false
}
