{
	"name": "Medallion",
	"comment": "Generated by Gogh",
	"foreground-color": "#cac296",
	"background-color":"#1d1908",
	"cursor-background-color": "#cac296",
	"palette": [
		"#000000",
		"#b64c00",
		"#7c8b16",
		"#d3bd26",
		"#616bb0",
		"#8c5a90",
		"#916c25",
		"#cac29a",
		"#5e5219",
		"#ff9149",
		"#b2ca3b",
		"#ffe54a",
		"#acb8ff",
		"#ffa0ff",
		"#ffbc51",
		"#fed698"
	],
	"use-badge-color": false,
	"use-bold-color": false,
	"use-cursor-color": false,
	"use-highlight-color": false,
	"use-theme-colors": false
}
