{
	"name": "Misterioso",
	"comment": "Generated by Gogh",
	"foreground-color": "#e1e1e0",
	"background-color":"#2d3743",
	"cursor-background-color": "#e1e1e0",
	"palette": [
		"#000000",
		"#ff4242",
		"#74af68",
		"#ffad29",
		"#338f86",
		"#9414e6",
		"#23d7d7",
		"#e1e1e0",
		"#555555",
		"#ff3242",
		"#74cd68",
		"#ffb929",
		"#23d7d7",
		"#ff37ff",
		"#00ede1",
		"#ffffff"
	],
	"use-badge-color": false,
	"use-bold-color": false,
	"use-cursor-color": false,
	"use-highlight-color": false,
	"use-theme-colors": false
}
