{
	"name": "Miu",
	"comment": "Generated by Gogh",
	"foreground-color": "#d9e6f2",
	"background-color":"#0d1926",
	"cursor-background-color": "#d9e6f2",
	"palette": [
		"#000000",
		"#b87a7a",
		"#7ab87a",
		"#b8b87a",
		"#7a7ab8",
		"#b87ab8",
		"#7ab8b8",
		"#d9d9d9",
		"#262626",
		"#dbbdbd",
		"#bddbbd",
		"#dbdbbd",
		"#bdbddb",
		"#dbbddb",
		"#bddbdb",
		"#ffffff"
	],
	"use-badge-color": false,
	"use-bold-color": false,
	"use-cursor-color": false,
	"use-highlight-color": false,
	"use-theme-colors": false
}
