{
	"name": "Molokai",
	"comment": "Generated by Gogh",
	"foreground-color": "#BBBBBB",
	"background-color":"#1b1d1e",
	"cursor-background-color": "#BBBBBB",
	"palette": [
		"#1b1d1e",
		"#7325FA",
		"#23E298",
		"#60D4DF",
		"#D08010",
		"#FF0087",
		"#D0A843",
		"#BBBBBB",
		"#555555",
		"#9D66F6",
		"#5FE0B1",
		"#6DF2FF",
		"#FFAF00",
		"#FF87AF",
		"#FFCE51",
		"#FFFFFF"
	],
	"use-badge-color": false,
	"use-bold-color": false,
	"use-cursor-color": false,
	"use-highlight-color": false,
	"use-theme-colors": false
}
