{
	"name": "Mona Lisa",
	"comment": "Generated by Gogh",
	"foreground-color": "#f7d66a",
	"background-color":"#120b0d",
	"cursor-background-color": "#f7d66a",
	"palette": [
		"#351b0e",
		"#9b291c",
		"#636232",
		"#c36e28",
		"#515c5d",
		"#9b1d29",
		"#588056",
		"#f7d75c",
		"#874228",
		"#ff4331",
		"#b4b264",
		"#ff9566",
		"#9eb2b4",
		"#ff5b6a",
		"#8acd8f",
		"#ffe598"
	],
	"use-badge-color": false,
	"use-bold-color": false,
	"use-cursor-color": false,
	"use-highlight-color": false,
	"use-theme-colors": false
}
