{
	"name": "mono-amber",
	"comment": "Generated by Gogh",
	"foreground-color": "#FF9400",
	"background-color":"#2B1900",
	"cursor-background-color": "#FF9400",
	"palette": [
		"#402500",
		"#FF9400",
		"#FF9400",
		"#FF9400",
		"#FF9400",
		"#FF9400",
		"#FF9400",
		"#FF9400",
		"#FF9400",
		"#FF9400",
		"#FF9400",
		"#FF9400",
		"#FF9400",
		"#FF9400",
		"#FF9400",
		"#FF9400"
	],
	"use-badge-color": false,
	"use-bold-color": false,
	"use-cursor-color": false,
	"use-highlight-color": false,
	"use-theme-colors": false
}
