{
	"name": "mono-white",
	"comment": "Generated by Gogh",
	"foreground-color": "#FAFAFA",
	"background-color":"#262626",
	"cursor-background-color": "#FAFAFA",
	"palette": [
		"#3B3B3B",
		"#FAFAFA",
		"#FAFAFA",
		"#FAFAFA",
		"#FAFAFA",
		"#FAFAFA",
		"#FAFAFA",
		"#FAFAFA",
		"#FAFAFA",
		"#FAFAFA",
		"#FAFAFA",
		"#FAFAFA",
		"#FAFAFA",
		"#FAFAFA",
		"#FAFAFA",
		"#FAFAFA"
	],
	"use-badge-color": false,
	"use-bold-color": false,
	"use-cursor-color": false,
	"use-highlight-color": false,
	"use-theme-colors": false
}
