{
	"name": "mono-cyan",
	"comment": "Generated by Gogh",
	"foreground-color": "#00CCFF",
	"background-color":"#00222B",
	"cursor-background-color": "#00CCFF",
	"palette": [
		"#003340",
		"#00CCFF",
		"#00CCFF",
		"#00CCFF",
		"#00CCFF",
		"#00CCFF",
		"#00CCFF",
		"#00CCFF",
		"#00CCFF",
		"#00CCFF",
		"#00CCFF",
		"#00CCFF",
		"#00CCFF",
		"#00CCFF",
		"#00CCFF",
		"#00CCFF"
	],
	"use-badge-color": false,
	"use-bold-color": false,
	"use-cursor-color": false,
	"use-highlight-color": false,
	"use-theme-colors": false
}
