{
	"name": "mono-green",
	"comment": "Generated by Gogh",
	"foreground-color": "#0BFF00",
	"background-color":"#022B00",
	"cursor-background-color": "#0BFF00",
	"palette": [
		"#034000",
		"#0BFF00",
		"#0BFF00",
		"#0BFF00",
		"#0BFF00",
		"#0BFF00",
		"#0BFF00",
		"#0BFF00",
		"#0BFF00",
		"#0BFF00",
		"#0BFF00",
		"#0BFF00",
		"#0BFF00",
		"#0BFF00",
		"#0BFF00",
		"#0BFF00"
	],
	"use-badge-color": false,
	"use-bold-color": false,
	"use-cursor-color": false,
	"use-highlight-color": false,
	"use-theme-colors": false
}
