{
	"name": "mono-red",
	"comment": "Generated by Gogh",
	"foreground-color": "#FF3600",
	"background-color":"#2B0C00",
	"cursor-background-color": "#FF3600",
	"palette": [
		"#401200",
		"#FF3600",
		"#FF3600",
		"#FF3600",
		"#FF3600",
		"#FF3600",
		"#FF3600",
		"#FF3600",
		"#FF3600",
		"#FF3600",
		"#FF3600",
		"#FF3600",
		"#FF3600",
		"#FF3600",
		"#FF3600",
		"#FF3600"
	],
	"use-badge-color": false,
	"use-bold-color": false,
	"use-cursor-color": false,
	"use-highlight-color": false,
	"use-theme-colors": false
}
