{
	"name": "Monokai Dark",
	"comment": "Generated by Gogh",
	"foreground-color": "#f8f8f2",
	"background-color":"#272822",
	"cursor-background-color": "#f8f8f2",
	"palette": [
		"#75715e",
		"#f92672",
		"#a6e22e",
		"#f4bf75",
		"#66d9ef",
		"#ae81ff",
		"#2AA198",
		"#f9f8f5",
		"#272822",
		"#f92672",
		"#a6e22e",
		"#f4bf75",
		"#66d9ef",
		"#ae81ff",
		"#2AA198",
		"#f8f8f2"
	],
	"use-badge-color": false,
	"use-bold-color": false,
	"use-cursor-color": false,
	"use-highlight-color": false,
	"use-theme-colors": false
}
