{
	"name": "mono-yellow",
	"comment": "Generated by Gogh",
	"foreground-color": "#FFD300",
	"background-color":"#2B2400",
	"cursor-background-color": "#FFD300",
	"palette": [
		"#403500",
		"#FFD300",
		"#FFD300",
		"#FFD300",
		"#FFD300",
		"#FFD300",
		"#FFD300",
		"#FFD300",
		"#FFD300",
		"#FFD300",
		"#FFD300",
		"#FFD300",
		"#FFD300",
		"#FFD300",
		"#FFD300",
		"#FFD300"
	],
	"use-badge-color": false,
	"use-bold-color": false,
	"use-cursor-color": false,
	"use-highlight-color": false,
	"use-theme-colors": false
}
