{
	"name": "Monokai Soda",
	"comment": "Generated by Gogh",
	"foreground-color": "#c4c5b5",
	"background-color":"#1a1a1a",
	"cursor-background-color": "#c4c5b5",
	"palette": [
		"#1a1a1a",
		"#f4005f",
		"#98e024",
		"#fa8419",
		"#9d65ff",
		"#f4005f",
		"#58d1eb",
		"#c4c5b5",
		"#625e4c",
		"#f4005f",
		"#98e024",
		"#e0d561",
		"#9d65ff",
		"#f4005f",
		"#58d1eb",
		"#f6f6ef"
	],
	"use-badge-color": false,
	"use-bold-color": false,
	"use-cursor-color": false,
	"use-highlight-color": false,
	"use-theme-colors": false
}
