{
	"name": "N0tch2k",
	"comment": "Generated by Gogh",
	"foreground-color": "#a0a0a0",
	"background-color":"#222222",
	"cursor-background-color": "#a0a0a0",
	"palette": [
		"#383838",
		"#a95551",
		"#666666",
		"#a98051",
		"#657d3e",
		"#767676",
		"#c9c9c9",
		"#d0b8a3",
		"#474747",
		"#a97775",
		"#8c8c8c",
		"#a99175",
		"#98bd5e",
		"#a3a3a3",
		"#dcdcdc",
		"#d8c8bb"
	],
	"use-badge-color": false,
	"use-bold-color": false,
	"use-cursor-color": false,
	"use-highlight-color": false,
	"use-theme-colors": false
}
