{
	"name": "neon-night",
	"comment": "Generated by Gogh",
	"foreground-color": "#C7C8FF",
	"background-color":"#20242d",
	"cursor-background-color": "#C7C8FF",
	"palette": [
		"#20242d",
		"#FF8E8E",
		"#7EFDD0",
		"#FCAD3F",
		"#69B4F9",
		"#DD92F6",
		"#8CE8ff",
		"#C9CCCD",
		"#20242d",
		"#FF8E8E",
		"#7EFDD0",
		"#FCAD3F",
		"#69B4F9",
		"#DD92F6",
		"#8CE8ff",
		"#C9CCCD"
	],
	"use-badge-color": false,
	"use-bold-color": false,
	"use-cursor-color": false,
	"use-highlight-color": false,
	"use-theme-colors": false
}
