{
	"name": "Neopolitan",
	"comment": "Generated by Gogh",
	"foreground-color": "#ffffff",
	"background-color":"#271f19",
	"cursor-background-color": "#ffffff",
	"palette": [
		"#000000",
		"#800000",
		"#61ce3c",
		"#fbde2d",
		"#253b76",
		"#ff0080",
		"#8da6ce",
		"#f8f8f8",
		"#000000",
		"#800000",
		"#61ce3c",
		"#fbde2d",
		"#253b76",
		"#ff0080",
		"#8da6ce",
		"#f8f8f8"
	],
	"use-badge-color": false,
	"use-bold-color": false,
	"use-cursor-color": false,
	"use-highlight-color": false,
	"use-theme-colors": false
}
