{
	"name": "Neutron",
	"comment": "Generated by Gogh",
	"foreground-color": "#e6e8ef",
	"background-color":"#1c1e22",
	"cursor-background-color": "#e6e8ef",
	"palette": [
		"#23252b",
		"#b54036",
		"#5ab977",
		"#deb566",
		"#6a7c93",
		"#a4799d",
		"#3f94a8",
		"#e6e8ef",
		"#23252b",
		"#b54036",
		"#5ab977",
		"#deb566",
		"#6a7c93",
		"#a4799d",
		"#3f94a8",
		"#ebedf2"
	],
	"use-badge-color": false,
	"use-bold-color": false,
	"use-cursor-color": false,
	"use-highlight-color": false,
	"use-theme-colors": false
}
