{
	"name": "nighty",
	"comment": "Generated by Gogh",
	"foreground-color": "#DFDFDF",
	"background-color":"#2F2F2F",
	"cursor-background-color": "#DFDFDF",
	"palette": [
		"#373D48",
		"#9B3E46",
		"#095B32",
		"#808020",
		"#1D3E6F",
		"#823065",
		"#3A7458",
		"#828282",
		"#5C6370",
		"#D0555F",
		"#119955",
		"#DFE048",
		"#4674B8",
		"#ED86C9",
		"#70D2A4",
		"#DFDFDF"
	],
	"use-badge-color": false,
	"use-bold-color": false,
	"use-cursor-color": false,
	"use-highlight-color": false,
	"use-theme-colors": false
}
