{
	"name": "Nightlion V2",
	"comment": "Generated by Gogh",
	"foreground-color": "#bbbbbb",
	"background-color":"#171717",
	"cursor-background-color": "#bbbbbb",
	"palette": [
		"#4c4c4c",
		"#bb0000",
		"#04f623",
		"#f3f167",
		"#64d0f0",
		"#ce6fdb",
		"#00dadf",
		"#bbbbbb",
		"#555555",
		"#ff5555",
		"#7df71d",
		"#ffff55",
		"#62cbe8",
		"#ff9bf5",
		"#00ccd8",
		"#ffffff"
	],
	"use-badge-color": false,
	"use-bold-color": false,
	"use-cursor-color": false,
	"use-highlight-color": false,
	"use-theme-colors": false
}
