{
	"name": "Nightlion V1",
	"comment": "Generated by Gogh",
	"foreground-color": "#bbbbbb",
	"background-color":"#000000",
	"cursor-background-color": "#bbbbbb",
	"palette": [
		"#4c4c4c",
		"#bb0000",
		"#5fde8f",
		"#f3f167",
		"#276bd8",
		"#bb00bb",
		"#00dadf",
		"#bbbbbb",
		"#555555",
		"#ff5555",
		"#55ff55",
		"#ffff55",
		"#5555ff",
		"#ff55ff",
		"#55ffff",
		"#ffffff"
	],
	"use-badge-color": false,
	"use-bold-color": false,
	"use-cursor-color": false,
	"use-highlight-color": false,
	"use-theme-colors": false
}
