{
	"name": "Nord Light",
	"comment": "Generated by Gogh",
	"foreground-color": "#004f7c",
	"background-color":"#ebeaf2",
	"cursor-background-color": "#439ECF",
	"palette": [
		"#353535",
		"#E64569",
		"#89D287",
		"#DAB752",
		"#439ECF",
		"#D961DC",
		"#64AAAF",
		"#B3B3B3",
		"#535353",
		"#E4859A",
		"#A2CCA1",
		"#E1E387",
		"#6FBBE2",
		"#E586E7",
		"#96DCDA",
		"#DEDEDE"
	],
	"use-badge-color": false,
	"use-bold-color": false,
	"use-cursor-color": false,
	"use-highlight-color": false,
	"use-theme-colors": false
}
