{
	"name": "Obsidian",
	"comment": "Generated by Gogh",
	"foreground-color": "#cdcdcd",
	"background-color":"#283033",
	"cursor-background-color": "#cdcdcd",
	"palette": [
		"#000000",
		"#a60001",
		"#00bb00",
		"#fecd22",
		"#3a9bdb",
		"#bb00bb",
		"#00bbbb",
		"#bbbbbb",
		"#555555",
		"#ff0003",
		"#93c863",
		"#fef874",
		"#a1d7ff",
		"#ff55ff",
		"#55ffff",
		"#ffffff"
	],
	"use-badge-color": false,
	"use-bold-color": false,
	"use-cursor-color": false,
	"use-highlight-color": false,
	"use-theme-colors": false
}
