{
	"name": "Ocean Dark",
	"comment": "Generated by Gogh",
	"foreground-color": "#979CAC",
	"background-color":"#1C1F27",
	"cursor-background-color": "#979CAC",
	"palette": [
		"#4F4F4F",
		"#AF4B57",
		"#AFD383",
		"#E5C079",
		"#7D90A4",
		"#A4799D",
		"#85A6A5",
		"#EEEDEE",
		"#7B7B7B",
		"#AF4B57",
		"#CEFFAB",
		"#FFFECC",
		"#B5DCFE",
		"#FB9BFE",
		"#DFDFFD",
		"#FEFFFE"
	],
	"use-badge-color": false,
	"use-bold-color": false,
	"use-cursor-color": false,
	"use-highlight-color": false,
	"use-theme-colors": false
}
