{
	"name": "Ocean",
	"comment": "Generated by Gogh",
	"foreground-color": "#ffffff",
	"background-color":"#224fbc",
	"cursor-background-color": "#ffffff",
	"palette": [
		"#000000",
		"#990000",
		"#00a600",
		"#999900",
		"#0000b2",
		"#b200b2",
		"#00a6b2",
		"#bfbfbf",
		"#666666",
		"#e50000",
		"#00d900",
		"#e5e500",
		"#0000ff",
		"#e500e5",
		"#00e5e5",
		"#e5e5e5"
	],
	"use-badge-color": false,
	"use-bold-color": false,
	"use-cursor-color": false,
	"use-highlight-color": false,
	"use-theme-colors": false
}
