{
	"name": "Oceanic Next",
	"comment": "Generated by Gogh",
	"foreground-color": "#b3b8c3",
	"background-color":"#121b21",
	"cursor-background-color": "#b3b8c3",
	"palette": [
		"#121C21",
		"#E44754",
		"#89BD82",
		"#F7BD51",
		"#5486C0",
		"#B77EB8",
		"#50A5A4",
		"#FFFFFF",
		"#52606B",
		"#E44754",
		"#89BD82",
		"#F7BD51",
		"#5486C0",
		"#B77EB8",
		"#50A5A4",
		"#FFFFFF"
	],
	"use-badge-color": false,
	"use-bold-color": false,
	"use-cursor-color": false,
	"use-highlight-color": false,
	"use-theme-colors": false
}
