{
	"name": "Ollie",
	"comment": "Generated by Gogh",
	"foreground-color": "#8a8dae",
	"background-color":"#222125",
	"cursor-background-color": "#8a8dae",
	"palette": [
		"#000000",
		"#ac2e31",
		"#31ac61",
		"#ac4300",
		"#2d57ac",
		"#b08528",
		"#1fa6ac",
		"#8a8eac",
		"#5b3725",
		"#ff3d48",
		"#3bff99",
		"#ff5e1e",
		"#4488ff",
		"#ffc21d",
		"#1ffaff",
		"#5b6ea7"
	],
	"use-badge-color": false,
	"use-bold-color": false,
	"use-cursor-color": false,
	"use-highlight-color": false,
	"use-theme-colors": false
}
