{
	"name": "One Half Black",
	"comment": "Generated by Gogh",
	"foreground-color": "#dcdfe4",
	"background-color":"#000000",
	"cursor-background-color": "#dcdfe4",
	"palette": [
		"#282c34",
		"#e06c75",
		"#98c379",
		"#e5c07b",
		"#61afef",
		"#c678dd",
		"#56b6c2",
		"#dcdfe4",
		"#282c34",
		"#e06c75",
		"#98c379",
		"#e5c07b",
		"#61afef",
		"#c678dd",
		"#56b6c2",
		"#dcdfe4"
	],
	"use-badge-color": false,
	"use-bold-color": false,
	"use-cursor-color": false,
	"use-highlight-color": false,
	"use-theme-colors": false
}
