{
	"name": "One Dark",
	"comment": "Generated by Gogh",
	"foreground-color": "#5C6370",
	"background-color":"#1E2127",
	"cursor-background-color": "#5C6370",
	"palette": [
		"#000000",
		"#E06C75",
		"#98C379",
		"#D19A66",
		"#61AFEF",
		"#C678DD",
		"#56B6C2",
		"#ABB2BF",
		"#5C6370",
		"#E06C75",
		"#98C379",
		"#D19A66",
		"#61AFEF",
		"#C678DD",
		"#56B6C2",
		"#FFFEFE"
	],
	"use-badge-color": false,
	"use-bold-color": false,
	"use-cursor-color": false,
	"use-highlight-color": false,
	"use-theme-colors": false
}
