{
	"name": "One Light",
	"comment": "Generated by Gogh",
	"foreground-color": "#2A2B32",
	"background-color":"#F8F8F8",
	"cursor-background-color": "#2A2B32",
	"palette": [
		"#000000",
		"#DA3E39",
		"#41933E",
		"#855504",
		"#315EEE",
		"#930092",
		"#0E6FAD",
		"#8E8F96",
		"#2A2B32",
		"#DA3E39",
		"#41933E",
		"#855504",
		"#315EEE",
		"#930092",
		"#0E6FAD",
		"#FFFEFE"
	],
	"use-badge-color": false,
	"use-bold-color": false,
	"use-cursor-color": false,
	"use-highlight-color": false,
	"use-theme-colors": false
}
