{
	"name": "Pali",
	"comment": "Generated by Gogh",
	"foreground-color": "#d9e6f2",
	"background-color":"#232E37",
	"cursor-background-color": "#d9e6f2",
	"palette": [
		"#0a0a0a",
		"#ab8f74",
		"#74ab8f",
		"#8fab74",
		"#8f74ab",
		"#ab748f",
		"#748fab",
		"#F2F2F2",
		"#5D5D5D",
		"#FF1D62",
		"#9cc3af",
		"#FFD00A",
		"#af9cc3",
		"#FF1D62",
		"#4BB8FD",
		"#A020F0"
	],
	"use-badge-color": false,
	"use-bold-color": false,
	"use-cursor-color": false,
	"use-highlight-color": false,
	"use-theme-colors": false
}
