{
	"name": "PaperColor Light",
	"comment": "Generated by Gogh",
	"foreground-color": "#444444",
	"background-color":"#EEEEEE",
	"cursor-background-color": "#444444",
	"palette": [
		"#EEEEEE",
		"#AF0000",
		"#008700",
		"#5F8700",
		"#0087AF",
		"#878787",
		"#005F87",
		"#444444",
		"#BCBCBC",
		"#D70000",
		"#D70087",
		"#8700AF",
		"#D75F00",
		"#D75F00",
		"#005FAF",
		"#005F87"
	],
	"use-badge-color": false,
	"use-bold-color": false,
	"use-cursor-color": false,
	"use-highlight-color": false,
	"use-theme-colors": false
}
