{
	"name": "PaperColor Dark",
	"comment": "Generated by Gogh",
	"foreground-color": "#D0D0D0",
	"background-color":"#1C1C1C",
	"cursor-background-color": "#D0D0D0",
	"palette": [
		"#1C1C1C",
		"#AF005F",
		"#5FAF00",
		"#D7AF5F",
		"#5FAFD7",
		"#808080",
		"#D7875F",
		"#D0D0D0",
		"#585858",
		"#5FAF5F",
		"#AFD700",
		"#AF87D7",
		"#FFAF00",
		"#FF5FAF",
		"#00AFAF",
		"#5F8787"
	],
	"use-badge-color": false,
	"use-bold-color": false,
	"use-cursor-color": false,
	"use-highlight-color": false,
	"use-theme-colors": false
}
