{
	"name": "Paraiso Dark",
	"comment": "Generated by Gogh",
	"foreground-color": "#a39e9b",
	"background-color":"#2f1e2e",
	"cursor-background-color": "#a39e9b",
	"palette": [
		"#2f1e2e",
		"#ef6155",
		"#48b685",
		"#fec418",
		"#06b6ef",
		"#815ba4",
		"#5bc4bf",
		"#a39e9b",
		"#776e71",
		"#ef6155",
		"#48b685",
		"#fec418",
		"#06b6ef",
		"#815ba4",
		"#5bc4bf",
		"#e7e9db"
	],
	"use-badge-color": false,
	"use-bold-color": false,
	"use-cursor-color": false,
	"use-highlight-color": false,
	"use-theme-colors": false
}
