{
	"name": "Paul Millr",
	"comment": "Generated by Gogh",
	"foreground-color": "#f2f2f2",
	"background-color":"#000000",
	"cursor-background-color": "#f2f2f2",
	"palette": [
		"#2a2a2a",
		"#ff0000",
		"#79ff0f",
		"#d3bf00",
		"#396bd7",
		"#b449be",
		"#66ccff",
		"#bbbbbb",
		"#666666",
		"#ff0080",
		"#66ff66",
		"#f3d64e",
		"#709aed",
		"#db67e6",
		"#7adff2",
		"#ffffff"
	],
	"use-badge-color": false,
	"use-bold-color": false,
	"use-cursor-color": false,
	"use-highlight-color": false,
	"use-theme-colors": false
}
