{
	"name": "Pencil Dark",
	"comment": "Generated by Gogh",
	"foreground-color": "#f1f1f1",
	"background-color":"#212121",
	"cursor-background-color": "#f1f1f1",
	"palette": [
		"#212121",
		"#c30771",
		"#10a778",
		"#a89c14",
		"#008ec4",
		"#523c79",
		"#20a5ba",
		"#d9d9d9",
		"#424242",
		"#fb007a",
		"#5fd7af",
		"#f3e430",
		"#20bbfc",
		"#6855de",
		"#4fb8cc",
		"#f1f1f1"
	],
	"use-badge-color": false,
	"use-bold-color": false,
	"use-cursor-color": false,
	"use-highlight-color": false,
	"use-theme-colors": false
}
