{
	"name": "Pnevma",
	"comment": "Generated by Gogh",
	"foreground-color": "#d0d0d0",
	"background-color":"#1c1c1c",
	"cursor-background-color": "#d0d0d0",
	"palette": [
		"#2f2e2d",
		"#a36666",
		"#90a57d",
		"#d7af87",
		"#7fa5bd",
		"#c79ec4",
		"#8adbb4",
		"#d0d0d0",
		"#4a4845",
		"#d78787",
		"#afbea2",
		"#e4c9af",
		"#a1bdce",
		"#d7beda",
		"#b1e7dd",
		"#efefef"
	],
	"use-badge-color": false,
	"use-bold-color": false,
	"use-cursor-color": false,
	"use-highlight-color": false,
	"use-theme-colors": false
}
