{
	"name": "Red Alert",
	"comment": "Generated by Gogh",
	"foreground-color": "#ffffff",
	"background-color":"#762423",
	"cursor-background-color": "#ffffff",
	"palette": [
		"#000000",
		"#d62e4e",
		"#71be6b",
		"#beb86b",
		"#489bee",
		"#e979d7",
		"#6bbeb8",
		"#d6d6d6",
		"#262626",
		"#e02553",
		"#aff08c",
		"#dfddb7",
		"#65aaf1",
		"#ddb7df",
		"#b7dfdd",
		"#ffffff"
	],
	"use-badge-color": false,
	"use-bold-color": false,
	"use-cursor-color": false,
	"use-highlight-color": false,
	"use-theme-colors": false
}
