{
	"name": "Red Sands",
	"comment": "Generated by Gogh",
	"foreground-color": "#d7c9a7",
	"background-color":"#7a251e",
	"cursor-background-color": "#d7c9a7",
	"palette": [
		"#000000",
		"#ff3f00",
		"#00bb00",
		"#e7b000",
		"#0072ff",
		"#bb00bb",
		"#00bbbb",
		"#bbbbbb",
		"#555555",
		"#bb0000",
		"#00bb00",
		"#e7b000",
		"#0072ae",
		"#ff55ff",
		"#55ffff",
		"#ffffff"
	],
	"use-badge-color": false,
	"use-bold-color": false,
	"use-cursor-color": false,
	"use-highlight-color": false,
	"use-theme-colors": false
}
