{
	"name": "Rippedcasts",
	"comment": "Generated by Gogh",
	"foreground-color": "#ffffff",
	"background-color":"#2b2b2b",
	"cursor-background-color": "#ffffff",
	"palette": [
		"#000000",
		"#cdaf95",
		"#a8ff60",
		"#bfbb1f",
		"#75a5b0",
		"#ff73fd",
		"#5a647e",
		"#bfbfbf",
		"#666666",
		"#eecbad",
		"#bcee68",
		"#e5e500",
		"#86bdc9",
		"#e500e5",
		"#8c9bc4",
		"#e5e5e5"
	],
	"use-badge-color": false,
	"use-bold-color": false,
	"use-cursor-color": false,
	"use-highlight-color": false,
	"use-theme-colors": false
}
