{
	"name": "Royal",
	"comment": "Generated by Gogh",
	"foreground-color": "#514968",
	"background-color":"#100815",
	"cursor-background-color": "#514968",
	"palette": [
		"#241f2b",
		"#91284c",
		"#23801c",
		"#b49d27",
		"#6580b0",
		"#674d96",
		"#8aaabe",
		"#524966",
		"#312d3d",
		"#d5356c",
		"#2cd946",
		"#fde83b",
		"#90baf9",
		"#a479e3",
		"#acd4eb",
		"#9e8cbd"
	],
	"use-badge-color": false,
	"use-bold-color": false,
	"use-cursor-color": false,
	"use-highlight-color": false,
	"use-theme-colors": false
}
