{
	"name": "Sat",
	"comment": "Generated by Gogh",
	"foreground-color": "#23476a",
	"background-color":"#758480",
	"cursor-background-color": "#23476a",
	"palette": [
		"#000000",
		"#dd0007",
		"#07dd00",
		"#ddd600",
		"#0007dd",
		"#d600dd",
		"#00ddd6",
		"#f2f2f2",
		"#7d7d7d",
		"#ff7478",
		"#78ff74",
		"#fffa74",
		"#7478ff",
		"#fa74ff",
		"#74fffa",
		"#ffffff"
	],
	"use-badge-color": false,
	"use-bold-color": false,
	"use-cursor-color": false,
	"use-highlight-color": false,
	"use-theme-colors": false
}
