{
	"name": "Sea Shells",
	"comment": "Generated by Gogh",
	"foreground-color": "#deb88d",
	"background-color":"#09141b",
	"cursor-background-color": "#deb88d",
	"palette": [
		"#17384c",
		"#d15123",
		"#027c9b",
		"#fca02f",
		"#1e4950",
		"#68d4f1",
		"#50a3b5",
		"#deb88d",
		"#434b53",
		"#d48678",
		"#628d98",
		"#fdd39f",
		"#1bbcdd",
		"#bbe3ee",
		"#87acb4",
		"#fee4ce"
	],
	"use-badge-color": false,
	"use-bold-color": false,
	"use-cursor-color": false,
	"use-highlight-color": false,
	"use-theme-colors": false
}
