{
	"name": "Seafoam Pastel",
	"comment": "Generated by Gogh",
	"foreground-color": "#d4e7d4",
	"background-color":"#243435",
	"cursor-background-color": "#d4e7d4",
	"palette": [
		"#757575",
		"#825d4d",
		"#728c62",
		"#ada16d",
		"#4d7b82",
		"#8a7267",
		"#729494",
		"#e0e0e0",
		"#8a8a8a",
		"#cf937a",
		"#98d9aa",
		"#fae79d",
		"#7ac3cf",
		"#d6b2a1",
		"#ade0e0",
		"#e0e0e0"
	],
	"use-badge-color": false,
	"use-bold-color": false,
	"use-cursor-color": false,
	"use-highlight-color": false,
	"use-theme-colors": false
}
