{
	"name": "Seti",
	"comment": "Generated by Gogh",
	"foreground-color": "#cacecd",
	"background-color":"#111213",
	"cursor-background-color": "#cacecd",
	"palette": [
		"#323232",
		"#c22832",
		"#8ec43d",
		"#e0c64f",
		"#43a5d5",
		"#8b57b5",
		"#8ec43d",
		"#eeeeee",
		"#323232",
		"#c22832",
		"#8ec43d",
		"#e0c64f",
		"#43a5d5",
		"#8b57b5",
		"#8ec43d",
		"#ffffff"
	],
	"use-badge-color": false,
	"use-bold-color": false,
	"use-cursor-color": false,
	"use-highlight-color": false,
	"use-theme-colors": false
}
