{
	"name": "Shaman",
	"comment": "Generated by Gogh",
	"foreground-color": "#405555",
	"background-color":"#001015",
	"cursor-background-color": "#405555",
	"palette": [
		"#012026",
		"#b2302d",
		"#00a941",
		"#5e8baa",
		"#449a86",
		"#00599d",
		"#5d7e19",
		"#405555",
		"#384451",
		"#ff4242",
		"#2aea5e",
		"#8ed4fd",
		"#61d5ba",
		"#1298ff",
		"#98d028",
		"#58fbd6"
	],
	"use-badge-color": false,
	"use-bold-color": false,
	"use-cursor-color": false,
	"use-highlight-color": false,
	"use-theme-colors": false
}
