{
	"name": "Shel",
	"comment": "Generated by Gogh",
	"foreground-color": "#4882cd",
	"background-color":"#2a201f",
	"cursor-background-color": "#4882cd",
	"palette": [
		"#2c2423",
		"#ab2463",
		"#6ca323",
		"#ab6423",
		"#2c64a2",
		"#6c24a2",
		"#2ca363",
		"#918988",
		"#918988",
		"#f588b9",
		"#c2ee86",
		"#f5ba86",
		"#8fbaec",
		"#c288ec",
		"#8feeb9",
		"#f5eeec"
	],
	"use-badge-color": false,
	"use-bold-color": false,
	"use-cursor-color": false,
	"use-highlight-color": false,
	"use-theme-colors": false
}
