{
	"name": "Smyck",
	"comment": "Generated by Gogh",
	"foreground-color": "#F7F7F7",
	"background-color":"#242424",
	"cursor-background-color": "#F7F7F7",
	"palette": [
		"#000000",
		"#C75646",
		"#8EB33B",
		"#D0B03C",
		"#72B3CC",
		"#C8A0D1",
		"#218693",
		"#B0B0B0",
		"#5D5D5D",
		"#E09690",
		"#CDEE69",
		"#FFE377",
		"#9CD9F0",
		"#FBB1F9",
		"#77DFD8",
		"#F7F7F7"
	],
	"use-badge-color": false,
	"use-bold-color": false,
	"use-cursor-color": false,
	"use-highlight-color": false,
	"use-theme-colors": false
}
