{
	"name": "Snazzy",
	"comment": "Generated by Gogh",
	"foreground-color": "#EFF0EB",
	"background-color":"#282A36",
	"cursor-background-color": "#97979B",
	"palette": [
		"#282A36",
		"#FF5C57",
		"#5AF78E",
		"#F3F99D",
		"#57C7FF",
		"#FF6AC1",
		"#9AEDFE",
		"#F1F1F0",
		"#686868",
		"#FF5C57",
		"#5AF78E",
		"#F3F99D",
		"#57C7FF",
		"#FF6AC1",
		"#9AEDFE",
		"#EFF0EB"
	],
	"use-badge-color": false,
	"use-bold-color": false,
	"use-cursor-color": false,
	"use-highlight-color": false,
	"use-theme-colors": false
}
