{
	"name": "Soft Server",
	"comment": "Generated by Gogh",
	"foreground-color": "#99a3a2",
	"background-color":"#242626",
	"cursor-background-color": "#99a3a2",
	"palette": [
		"#000000",
		"#a2686a",
		"#9aa56a",
		"#a3906a",
		"#6b8fa3",
		"#6a71a3",
		"#6ba58f",
		"#99a3a2",
		"#666c6c",
		"#dd5c60",
		"#bfdf55",
		"#deb360",
		"#62b1df",
		"#606edf",
		"#64e39c",
		"#d2e0de"
	],
	"use-badge-color": false,
	"use-bold-color": false,
	"use-cursor-color": false,
	"use-highlight-color": false,
	"use-theme-colors": false
}
