{
	"name": "Solarized Light",
	"comment": "Generated by Gogh",
	"foreground-color": "#657B83",
	"background-color":"#FDF6E3",
	"cursor-background-color": "#657B83",
	"palette": [
		"#073642",
		"#DC322F",
		"#859900",
		"#B58900",
		"#268BD2",
		"#D33682",
		"#2AA198",
		"#EEE8D5",
		"#002B36",
		"#CB4B16",
		"#586E75",
		"#657B83",
		"#839496",
		"#6C71C4",
		"#93A1A1",
		"#FDF6E3"
	],
	"use-badge-color": false,
	"use-bold-color": false,
	"use-cursor-color": false,
	"use-highlight-color": false,
	"use-theme-colors": false
}
