{
	"name": "Solarized Darcula",
	"comment": "Generated by Gogh",
	"foreground-color": "#d2d8d9",
	"background-color":"#3d3f41",
	"cursor-background-color": "#d2d8d9",
	"palette": [
		"#25292a",
		"#f24840",
		"#629655",
		"#b68800",
		"#2075c7",
		"#797fd4",
		"#15968d",
		"#d2d8d9",
		"#25292a",
		"#f24840",
		"#629655",
		"#b68800",
		"#2075c7",
		"#797fd4",
		"#15968d",
		"#d2d8d9"
	],
	"use-badge-color": false,
	"use-bold-color": false,
	"use-cursor-color": false,
	"use-highlight-color": false,
	"use-theme-colors": false
}
