{
	"name": "Solarized Dark",
	"comment": "Generated by Gogh",
	"foreground-color": "#839496",
	"background-color":"#002B36",
	"cursor-background-color": "#839496",
	"palette": [
		"#073642",
		"#DC322F",
		"#859900",
		"#CF9A6B",
		"#268BD2",
		"#D33682",
		"#2AA198",
		"#EEE8D5",
		"#657B83",
		"#D87979",
		"#88CF76",
		"#657B83",
		"#2699FF",
		"#D33682",
		"#43B8C3",
		"#FDF6E3"
	],
	"use-badge-color": false,
	"use-bold-color": false,
	"use-cursor-color": false,
	"use-highlight-color": false,
	"use-theme-colors": false
}
