{
	"name": "Solarized Dark Higher Contrast",
	"comment": "Generated by Gogh",
	"foreground-color": "#9cc2c3",
	"background-color":"#001e27",
	"cursor-background-color": "#9cc2c3",
	"palette": [
		"#002831",
		"#d11c24",
		"#6cbe6c",
		"#a57706",
		"#2176c7",
		"#c61c6f",
		"#259286",
		"#eae3cb",
		"#006488",
		"#f5163b",
		"#51ef84",
		"#b27e28",
		"#178ec8",
		"#e24d8e",
		"#00b39e",
		"#fcf4dc"
	],
	"use-badge-color": false,
	"use-bold-color": false,
	"use-cursor-color": false,
	"use-highlight-color": false,
	"use-theme-colors": false
}
