{
	"name": "SpaceGray Eighties",
	"comment": "Generated by Gogh",
	"foreground-color": "#bdbaae",
	"background-color":"#222222",
	"cursor-background-color": "#bdbaae",
	"palette": [
		"#15171c",
		"#ec5f67",
		"#81a764",
		"#fec254",
		"#5486c0",
		"#bf83c1",
		"#57c2c1",
		"#efece7",
		"#555555",
		"#ff6973",
		"#93d493",
		"#ffd256",
		"#4d84d1",
		"#ff55ff",
		"#83e9e4",
		"#ffffff"
	],
	"use-badge-color": false,
	"use-bold-color": false,
	"use-cursor-color": false,
	"use-highlight-color": false,
	"use-theme-colors": false
}
