{
	"name": "Spacedust",
	"comment": "Generated by Gogh",
	"foreground-color": "#ecf0c1",
	"background-color":"#0a1e24",
	"cursor-background-color": "#ecf0c1",
	"palette": [
		"#6e5346",
		"#e35b00",
		"#5cab96",
		"#e3cd7b",
		"#0f548b",
		"#e35b00",
		"#06afc7",
		"#f0f1ce",
		"#684c31",
		"#ff8a3a",
		"#aecab8",
		"#ffc878",
		"#67a0ce",
		"#ff8a3a",
		"#83a7b4",
		"#fefff1"
	],
	"use-badge-color": false,
	"use-bold-color": false,
	"use-cursor-color": false,
	"use-highlight-color": false,
	"use-theme-colors": false
}
