{
	"name": "SpaceGray",
	"comment": "Generated by Gogh",
	"foreground-color": "#b3b8c3",
	"background-color":"#20242d",
	"cursor-background-color": "#b3b8c3",
	"palette": [
		"#000000",
		"#b04b57",
		"#87b379",
		"#e5c179",
		"#7d8fa4",
		"#a47996",
		"#85a7a5",
		"#b3b8c3",
		"#000000",
		"#b04b57",
		"#87b379",
		"#e5c179",
		"#7d8fa4",
		"#a47996",
		"#85a7a5",
		"#ffffff"
	],
	"use-badge-color": false,
	"use-bold-color": false,
	"use-cursor-color": false,
	"use-highlight-color": false,
	"use-theme-colors": false
}
