{
	"name": "SpaceGray Eighties Dull",
	"comment": "Generated by Gogh",
	"foreground-color": "#c9c6bc",
	"background-color":"#222222",
	"cursor-background-color": "#c9c6bc",
	"palette": [
		"#15171c",
		"#b24a56",
		"#92b477",
		"#c6735a",
		"#7c8fa5",
		"#a5789e",
		"#80cdcb",
		"#b3b8c3",
		"#555555",
		"#ec5f67",
		"#89e986",
		"#fec254",
		"#5486c0",
		"#bf83c1",
		"#58c2c1",
		"#ffffff"
	],
	"use-badge-color": false,
	"use-bold-color": false,
	"use-cursor-color": false,
	"use-highlight-color": false,
	"use-theme-colors": false
}
