{
	"name": "Spring",
	"comment": "Generated by Gogh",
	"foreground-color": "#ecf0c1",
	"background-color":"#0a1e24",
	"cursor-background-color": "#ecf0c1",
	"palette": [
		"#000000",
		"#ff4d83",
		"#1f8c3b",
		"#1fc95b",
		"#1dd3ee",
		"#8959a8",
		"#3e999f",
		"#ffffff",
		"#000000",
		"#ff0021",
		"#1fc231",
		"#d5b807",
		"#15a9fd",
		"#8959a8",
		"#3e999f",
		"#ffffff"
	],
	"use-badge-color": false,
	"use-bold-color": false,
	"use-cursor-color": false,
	"use-highlight-color": false,
	"use-theme-colors": false
}
