{
	"name": "Square",
	"comment": "Generated by Gogh",
	"foreground-color": "#1a1a1a",
	"background-color":"#0a1e24",
	"cursor-background-color": "#1a1a1a",
	"palette": [
		"#050505",
		"#e9897c",
		"#b6377d",
		"#ecebbe",
		"#a9cdeb",
		"#75507b",
		"#c9caec",
		"#f2f2f2",
		"#141414",
		"#f99286",
		"#c3f786",
		"#fcfbcc",
		"#b6defb",
		"#ad7fa8",
		"#d7d9fc",
		"#e2e2e2"
	],
	"use-badge-color": false,
	"use-bold-color": false,
	"use-cursor-color": false,
	"use-highlight-color": false,
	"use-theme-colors": false
}
