{
	"name": "Srcery",
	"comment": "Generated by Gogh",
	"foreground-color": "#ebdbb2",
	"background-color":"#282828",
	"cursor-background-color": "#ebdbb2",
	"palette": [
		"#1C1B19",
		"#FF3128",
		"#519F50",
		"#FBB829",
		"#5573A3",
		"#E02C6D",
		"#0AAEB3",
		"#918175",
		"#2D2B28",
		"#F75341",
		"#98BC37",
		"#FED06E",
		"#8EB2F7",
		"#E35682",
		"#53FDE9",
		"#FCE8C3"
	],
	"use-badge-color": false,
	"use-bold-color": false,
	"use-cursor-color": false,
	"use-highlight-color": false,
	"use-theme-colors": false
}
