{
	"name": "Sundried",
	"comment": "Generated by Gogh",
	"foreground-color": "#c9c9c9",
	"background-color":"#1a1818",
	"cursor-background-color": "#c9c9c9",
	"palette": [
		"#302b2a",
		"#a7463d",
		"#587744",
		"#9d602a",
		"#485b98",
		"#864651",
		"#9c814f",
		"#c9c9c9",
		"#4d4e48",
		"#aa000c",
		"#128c21",
		"#fc6a21",
		"#7999f7",
		"#fd8aa1",
		"#fad484",
		"#ffffff"
	],
	"use-badge-color": false,
	"use-bold-color": false,
	"use-cursor-color": false,
	"use-highlight-color": false,
	"use-theme-colors": false
}
