{
    "background-color": "#000000",
    "badge-color": "#AC7EA8",
    "bold-color": "#FFFFFF",
    "comment": "",
    "cursor-background-color": "#000000",
    "cursor-foreground-color": "#FFFFFF",
    "foreground-color": "#FFFFFF",
    "highlight-background-color": "#000000",
    "highlight-foreground-color": "#FFFFFF",
    "name": "Symphonic2",
    "palette": [
        "#000000",
        "#DC322F",
        "#56DB3A",
        "#FF8400",
        "#0084D4",
        "#B729D9",
        "#CCCCFF",
        "#FFFFFF",
        "#555753",
        "#DC322F",
        "#56DB3A",
        "#FF8400",
        "#0084D4",
        "#B729D9",
        "#CCCCFF",
        "#FFFFFF"
    ],
    "use-badge-color": false,
    "use-bold-color": false,
    "use-cursor-color": false,
    "use-highlight-color": false,
    "use-theme-colors": false
}