{
	"name": "Symphonic",
	"comment": "Generated by Gogh",
	"foreground-color": "#ffffff",
	"background-color":"#000000",
	"cursor-background-color": "#ffffff",
	"palette": [
		"#000000",
		"#dc322f",
		"#56db3a",
		"#ff8400",
		"#0084d4",
		"#b729d9",
		"#ccccff",
		"#ffffff",
		"#1b1d21",
		"#dc322f",
		"#56db3a",
		"#ff8400",
		"#0084d4",
		"#b729d9",
		"#ccccff",
		"#ffffff"
	],
	"use-badge-color": false,
	"use-bold-color": false,
	"use-cursor-color": false,
	"use-highlight-color": false,
	"use-theme-colors": false
}
