{
	"name": "Teerb",
	"comment": "Generated by Gogh",
	"foreground-color": "#d0d0d0",
	"background-color":"#262626",
	"cursor-background-color": "#d0d0d0",
	"palette": [
		"#1c1c1c",
		"#d68686",
		"#aed686",
		"#d7af87",
		"#86aed6",
		"#d6aed6",
		"#8adbb4",
		"#d0d0d0",
		"#1c1c1c",
		"#d68686",
		"#aed686",
		"#e4c9af",
		"#86aed6",
		"#d6aed6",
		"#b1e7dd",
		"#efefef"
	],
	"use-badge-color": false,
	"use-bold-color": false,
	"use-cursor-color": false,
	"use-highlight-color": false,
	"use-theme-colors": false
}
