{
	"name": "Terminix Dark",
	"comment": "Generated by Gogh",
	"foreground-color": "#868A8C",
	"background-color":"#091116",
	"cursor-background-color": "#868A8C",
	"palette": [
		"#282a2e",
		"#a54242",
		"#a1b56c",
		"#de935f",
		"#225555",
		"#85678f",
		"#5e8d87",
		"#777777",
		"#373b41",
		"#c63535",
		"#608360",
		"#fa805a",
		"#449da1",
		"#ba8baf",
		"#86c1b9",
		"#c5c8c6"
	],
	"use-badge-color": false,
	"use-bold-color": false,
	"use-cursor-color": false,
	"use-highlight-color": false,
	"use-theme-colors": false
}
