{
	"name": "Thayer Bright",
	"comment": "Generated by Gogh",
	"foreground-color": "#f8f8f8",
	"background-color":"#1b1d1e",
	"cursor-background-color": "#f8f8f8",
	"palette": [
		"#1b1d1e",
		"#f92672",
		"#4df840",
		"#f4fd22",
		"#2757d6",
		"#8c54fe",
		"#38c8b5",
		"#ccccc6",
		"#505354",
		"#ff5995",
		"#b6e354",
		"#feed6c",
		"#3f78ff",
		"#9e6ffe",
		"#23cfd5",
		"#f8f8f2"
	],
	"use-badge-color": false,
	"use-bold-color": false,
	"use-cursor-color": false,
	"use-highlight-color": false,
	"use-theme-colors": false
}
