{
	"name": "Tin",
	"comment": "Generated by Gogh",
	"foreground-color": "#ffffff",
	"background-color":"#2e2e35",
	"cursor-background-color": "#ffffff",
	"palette": [
		"#000000",
		"#8d534e",
		"#4e8d53",
		"#888d4e",
		"#534e8d",
		"#8d4e88",
		"#4e888d",
		"#ffffff",
		"#000000",
		"#b57d78",
		"#78b57d",
		"#b0b578",
		"#7d78b5",
		"#b578b0",
		"#78b0b5",
		"#ffffff"
	],
	"use-badge-color": false,
	"use-bold-color": false,
	"use-cursor-color": false,
	"use-highlight-color": false,
	"use-theme-colors": false
}
