{
	"name": "Tomorrow Night Blue",
	"comment": "Generated by Gogh",
	"foreground-color": "#FFFEFE",
	"background-color":"#002451",
	"cursor-background-color": "#FFFEFE",
	"palette": [
		"#000000",
		"#FF9DA3",
		"#D1F1A9",
		"#FFEEAD",
		"#BBDAFF",
		"#EBBBFF",
		"#99FFFF",
		"#FFFEFE",
		"#000000",
		"#FF9CA3",
		"#D0F0A8",
		"#FFEDAC",
		"#BADAFF",
		"#EBBAFF",
		"#99FFFF",
		"#FFFEFE"
	],
	"use-badge-color": false,
	"use-bold-color": false,
	"use-cursor-color": false,
	"use-highlight-color": false,
	"use-theme-colors": false
}
