{
	"name": "Tomorrow",
	"comment": "Generated by Gogh",
	"foreground-color": "#4D4D4C",
	"background-color":"#FFFFFF",
	"cursor-background-color": "#4C4C4C",
	"palette": [
		"#000000",
		"#C82828",
		"#718C00",
		"#EAB700",
		"#4171AE",
		"#8959A8",
		"#3E999F",
		"#FFFEFE",
		"#000000",
		"#C82828",
		"#708B00",
		"#E9B600",
		"#4170AE",
		"#8958A7",
		"#3D999F",
		"#FFFEFE"
	],
	"use-badge-color": false,
	"use-bold-color": false,
	"use-cursor-color": false,
	"use-highlight-color": false,
	"use-theme-colors": false
}
