{
	"name": "Tomorrow Night Bright",
	"comment": "Generated by Gogh",
	"foreground-color": "#E9E9E9",
	"background-color":"#000000",
	"cursor-background-color": "#E9E9E9",
	"palette": [
		"#000000",
		"#D54E53",
		"#B9CA49",
		"#E7C547",
		"#79A6DA",
		"#C397D8",
		"#70C0B1",
		"#FFFEFE",
		"#000000",
		"#D44D53",
		"#B9C949",
		"#E6C446",
		"#79A6DA",
		"#C396D7",
		"#70C0B1",
		"#FFFEFE"
	],
	"use-badge-color": false,
	"use-bold-color": false,
	"use-cursor-color": false,
	"use-highlight-color": false,
	"use-theme-colors": false
}
