{
	"name": "Tomorrow Night Eighties",
	"comment": "Generated by Gogh",
	"foreground-color": "#CCCCCC",
	"background-color":"#2C2C2C",
	"cursor-background-color": "#CCCCCC",
	"palette": [
		"#000000",
		"#F27779",
		"#99CC99",
		"#FFCC66",
		"#6699CC",
		"#CC99CC",
		"#66CCCC",
		"#FFFEFE",
		"#000000",
		"#F17779",
		"#99CC99",
		"#FFCC66",
		"#6699CC",
		"#CC99CC",
		"#66CCCC",
		"#FFFEFE"
	],
	"use-badge-color": false,
	"use-bold-color": false,
	"use-cursor-color": false,
	"use-highlight-color": false,
	"use-theme-colors": false
}
