{
	"name": "Tomorrow Night",
	"comment": "Generated by Gogh",
	"foreground-color": "#C5C8C6",
	"background-color":"#1D1F21",
	"cursor-background-color": "#C4C8C5",
	"palette": [
		"#000000",
		"#CC6666",
		"#B5BD68",
		"#F0C674",
		"#81A2BE",
		"#B293BB",
		"#8ABEB7",
		"#FFFEFE",
		"#000000",
		"#CC6666",
		"#B5BD68",
		"#F0C574",
		"#80A1BD",
		"#B294BA",
		"#8ABDB6",
		"#FFFEFE"
	],
	"use-badge-color": false,
	"use-bold-color": false,
	"use-cursor-color": false,
	"use-highlight-color": false,
	"use-theme-colors": false
}
