{
	"name": "Toy Chest",
	"comment": "Generated by Gogh",
	"foreground-color": "#31d07b",
	"background-color":"#24364b",
	"cursor-background-color": "#31d07b",
	"palette": [
		"#2c3f58",
		"#be2d26",
		"#1a9172",
		"#db8e27",
		"#325d96",
		"#8a5edc",
		"#35a08f",
		"#23d183",
		"#336889",
		"#dd5944",
		"#31d07b",
		"#e7d84b",
		"#34a6da",
		"#ae6bdc",
		"#42c3ae",
		"#d5d5d5"
	],
	"use-badge-color": false,
	"use-bold-color": false,
	"use-cursor-color": false,
	"use-highlight-color": false,
	"use-theme-colors": false
}
