{
	"name": "Treehouse",
	"comment": "Generated by Gogh",
	"foreground-color": "#786b53",
	"background-color":"#191919",
	"cursor-background-color": "#786b53",
	"palette": [
		"#321300",
		"#b2270e",
		"#44a900",
		"#aa820c",
		"#58859a",
		"#97363d",
		"#b25a1e",
		"#786b53",
		"#433626",
		"#ed5d20",
		"#55f238",
		"#f2b732",
		"#85cfed",
		"#e14c5a",
		"#f07d14",
		"#ffc800"
	],
	"use-badge-color": false,
	"use-bold-color": false,
	"use-cursor-color": false,
	"use-highlight-color": false,
	"use-theme-colors": false
}
