{
	"name": "Twilight",
	"comment": "Generated by Gogh",
	"foreground-color": "#ffffd4",
	"background-color":"#141414",
	"cursor-background-color": "#ffffd4",
	"palette": [
		"#141414",
		"#c06d44",
		"#afb97a",
		"#c2a86c",
		"#44474a",
		"#b4be7c",
		"#778385",
		"#ffffd4",
		"#262626",
		"#de7c4c",
		"#ccd88c",
		"#e2c47e",
		"#5a5e62",
		"#d0dc8e",
		"#8a989b",
		"#ffffd4"
	],
	"use-badge-color": false,
	"use-bold-color": false,
	"use-cursor-color": false,
	"use-highlight-color": false,
	"use-theme-colors": false
}
