{
	"name": "Ura",
	"comment": "Generated by Gogh",
	"foreground-color": "#23476a",
	"background-color":"#feffee",
	"cursor-background-color": "#23476a",
	"palette": [
		"#000000",
		"#c21b6f",
		"#6fc21b",
		"#c26f1b",
		"#1b6fc2",
		"#6f1bc2",
		"#1bc26f",
		"#808080",
		"#808080",
		"#ee84b9",
		"#b9ee84",
		"#eeb984",
		"#84b9ee",
		"#b984ee",
		"#84eeb9",
		"#e5e5e5"
	],
	"use-badge-color": false,
	"use-bold-color": false,
	"use-cursor-color": false,
	"use-highlight-color": false,
	"use-theme-colors": false
}
