{
	"name": "Urple",
	"comment": "Generated by Gogh",
	"foreground-color": "#877a9b",
	"background-color":"#1b1b23",
	"cursor-background-color": "#877a9b",
	"palette": [
		"#000000",
		"#b0425b",
		"#37a415",
		"#ad5c42",
		"#564d9b",
		"#6c3ca1",
		"#808080",
		"#87799c",
		"#5d3225",
		"#ff6388",
		"#29e620",
		"#f08161",
		"#867aed",
		"#a05eee",
		"#eaeaea",
		"#bfa3ff"
	],
	"use-badge-color": false,
	"use-bold-color": false,
	"use-cursor-color": false,
	"use-highlight-color": false,
	"use-theme-colors": false
}
