{
	"name": "Vag",
	"comment": "Generated by Gogh",
	"foreground-color": "#d9e6f2",
	"background-color":"#191f1d",
	"cursor-background-color": "#d9e6f2",
	"palette": [
		"#303030",
		"#a87139",
		"#39a871",
		"#71a839",
		"#7139a8",
		"#a83971",
		"#3971a8",
		"#8a8a8a",
		"#494949",
		"#b0763b",
		"#3bb076",
		"#76b03b",
		"#763bb0",
		"#b03b76",
		"#3b76b0",
		"#cfcfcf"
	],
	"use-badge-color": false,
	"use-bold-color": false,
	"use-cursor-color": false,
	"use-highlight-color": false,
	"use-theme-colors": false
}
