{
	"name": "Vaughn",
	"comment": "Generated by Gogh",
	"foreground-color": "#dcdccc",
	"background-color":"#25234f",
	"cursor-background-color": "#dcdccc",
	"palette": [
		"#25234f",
		"#705050",
		"#60b48a",
		"#dfaf8f",
		"#5555ff",
		"#f08cc3",
		"#8cd0d3",
		"#709080",
		"#709080",
		"#dca3a3",
		"#60b48a",
		"#f0dfaf",
		"#5555ff",
		"#ec93d3",
		"#93e0e3",
		"#ffffff"
	],
	"use-badge-color": false,
	"use-bold-color": false,
	"use-cursor-color": false,
	"use-highlight-color": false,
	"use-theme-colors": false
}
