{
	"name": "Vibrant Ink",
	"comment": "Generated by Gogh",
	"foreground-color": "#ffffff",
	"background-color":"#000000",
	"cursor-background-color": "#ffffff",
	"palette": [
		"#878787",
		"#ff6600",
		"#ccff04",
		"#ffcc00",
		"#44b4cc",
		"#9933cc",
		"#44b4cc",
		"#f5f5f5",
		"#555555",
		"#ff0000",
		"#00ff00",
		"#ffff00",
		"#0000ff",
		"#ff00ff",
		"#00ffff",
		"#e5e5e5"
	],
	"use-badge-color": false,
	"use-bold-color": false,
	"use-cursor-color": false,
	"use-highlight-color": false,
	"use-theme-colors": false
}
