{
	"name": "VS Code Dark+",
	"comment": "Generated by Gogh",
	"foreground-color": "#CCCCCC",
	"background-color":"#1E1E1E",
	"cursor-background-color": "#CCCCCC",
	"palette": [
		"#6A787A",
		"#E9653B",
		"#39E9A8",
		"#E5B684",
		"#44AAE6",
		"#E17599",
		"#3DD5E7",
		"#C3DDE1",
		"#598489",
		"#E65029",
		"#00FF9A",
		"#E89440",
		"#009AFB",
		"#FF578F",
		"#5FFFFF",
		"#D9FBFF"
	],
	"use-badge-color": false,
	"use-bold-color": false,
	"use-cursor-color": false,
	"use-highlight-color": false,
	"use-theme-colors": false
}
