{
	"name": "Warm Neon",
	"comment": "Generated by Gogh",
	"foreground-color": "#afdab6",
	"background-color":"#404040",
	"cursor-background-color": "#afdab6",
	"palette": [
		"#000000",
		"#e24346",
		"#39b13a",
		"#dae145",
		"#4261c5",
		"#f920fb",
		"#2abbd4",
		"#d0b8a3",
		"#fefcfc",
		"#e97071",
		"#9cc090",
		"#ddda7a",
		"#7b91d6",
		"#f674ba",
		"#5ed1e5",
		"#d8c8bb"
	],
	"use-badge-color": false,
	"use-bold-color": false,
	"use-cursor-color": false,
	"use-highlight-color": false,
	"use-theme-colors": false
}
