{
	"name": "Wez",
	"comment": "Generated by Gogh",
	"foreground-color": "#b3b3b3",
	"background-color":"#000000",
	"cursor-background-color": "#b3b3b3",
	"palette": [
		"#000000",
		"#cc5555",
		"#55cc55",
		"#cdcd55",
		"#5555cc",
		"#cc55cc",
		"#7acaca",
		"#cccccc",
		"#555555",
		"#ff5555",
		"#55ff55",
		"#ffff55",
		"#5555ff",
		"#ff55ff",
		"#55ffff",
		"#ffffff"
	],
	"use-badge-color": false,
	"use-bold-color": false,
	"use-cursor-color": false,
	"use-highlight-color": false,
	"use-theme-colors": false
}
