{
	"name": "Wild Cherry",
	"comment": "Generated by Gogh",
	"foreground-color": "#dafaff",
	"background-color":"#1f1726",
	"cursor-background-color": "#dafaff",
	"palette": [
		"#000507",
		"#d94085",
		"#2ab250",
		"#ffd16f",
		"#883cdc",
		"#ececec",
		"#c1b8b7",
		"#fff8de",
		"#009cc9",
		"#da6bac",
		"#f4dca5",
		"#eac066",
		"#308cba",
		"#ae636b",
		"#ff919d",
		"#e4838d"
	],
	"use-badge-color": false,
	"use-bold-color": false,
	"use-cursor-color": false,
	"use-highlight-color": false,
	"use-theme-colors": false
}
