{
	"name": "Wombat",
	"comment": "Generated by Gogh",
	"foreground-color": "#dedacf",
	"background-color":"#171717",
	"cursor-background-color": "#dedacf",
	"palette": [
		"#000000",
		"#ff615a",
		"#b1e969",
		"#ebd99c",
		"#5da9f6",
		"#e86aff",
		"#82fff7",
		"#dedacf",
		"#313131",
		"#f58c80",
		"#ddf88f",
		"#eee5b2",
		"#a5c7ff",
		"#ddaaff",
		"#b7fff9",
		"#ffffff"
	],
	"use-badge-color": false,
	"use-bold-color": false,
	"use-cursor-color": false,
	"use-highlight-color": false,
	"use-theme-colors": false
}
