{
	"name": "Wryan",
	"comment": "Generated by Gogh",
	"foreground-color": "#999993",
	"background-color":"#101010",
	"cursor-background-color": "#999993",
	"palette": [
		"#333333",
		"#8c4665",
		"#287373",
		"#7c7c99",
		"#395573",
		"#5e468c",
		"#31658c",
		"#899ca1",
		"#3d3d3d",
		"#bf4d80",
		"#53a6a6",
		"#9e9ecb",
		"#477ab3",
		"#7e62b3",
		"#6096bf",
		"#c0c0c0"
	],
	"use-badge-color": false,
	"use-bold-color": false,
	"use-cursor-color": false,
	"use-highlight-color": false,
	"use-theme-colors": false
}
