{
    "background-color": "#1F1726",
    "badge-color": "#FFFFFF",
    "bold-color": "#DCDCCC",
    "comment": "",
    "cursor-background-color": "#000000",
    "cursor-foreground-color": "#FFFFFF",
    "foreground-color": "#DAFAFF",
    "highlight-background-color": "#000000",
    "highlight-foreground-color": "#FFFFFF",
    "name": "Zatiel",
    "palette": [
        "#000507",
        "#D94085",
        "#2AB250",
        "#FFD16F",
        "#883CDC",
        "#ECECEC",
        "#C1B8B7",
        "#FFF8DE",
        "#009CC9",
        "#DA6BAC",
        "#F4DCA5",
        "#EAC066",
        "#308CBA",
        "#AE636B",
        "#FF919D",
        "#E4838D"
    ],
    "use-badge-color": false,
    "use-bold-color": false,
    "use-cursor-color": false,
    "use-highlight-color": false,
    "use-theme-colors": false
}