{
	"name": "Zenburn",
	"comment": "Generated by Gogh",
	"foreground-color": "#dcdccc",
	"background-color":"#3f3f3f",
	"cursor-background-color": "#dcdccc",
	"palette": [
		"#4d4d4d",
		"#705050",
		"#60b48a",
		"#f0dfaf",
		"#506070",
		"#dc8cc3",
		"#8cd0d3",
		"#dcdccc",
		"#709080",
		"#dca3a3",
		"#c3bf9f",
		"#e0cf9f",
		"#94bff3",
		"#ec93d3",
		"#93e0e3",
		"#ffffff"
	],
	"use-badge-color": false,
	"use-bold-color": false,
	"use-cursor-color": false,
	"use-highlight-color": false,
	"use-theme-colors": false
}
